ProteinID,DesignID,Time,Sequence,srpipi,lrpipi,Water,Carbon,ssH,ssE,disL,disS,srELEC,lrELEC,sr_hb,lr_hb,srCATPI,lrCATPI,larkSIM,larkFAR
DED1_CTD,0,657.8400411605835,MAELSEQVQNLSINDNNENGYVPPHLRGKPRSARNNSSNYNNNNGGYNGGRGGGSFFSNNRRGGYGNGGFFGGNNGGSRSNGRSGGRWIDGKHVPAPRNEKAEIAIFGVPEDPNFQSSGINFDNYDDIPVDASGKDVPEPITEFTSPPLDGLLLENIKLARFTKPTPVQKYSVPIVANGRDLMACAQTGSGKTGGFLFPVLSESFKTGPSPQPESQGSFYQRKAYPTAVIMAPTRELATQIFDEAKKFTYRSWVKACVVYGGSPIGNQLREIERGCDLLVATPGRLNDLLERGKISLANVKYLVLDEADRMLDMGFEPQIRHIVEDCDMTPVGERQTLMFSATFPADIQHLARDFLSDYIFLSVGRVGSTSENITQKVLYVENQDKKSALLDLLSASTDGLTLIFVETKRMADQLTDFLIMQNFRATAIHGDRTQSERERALAAFRSGAATLLVATAVAARGLDIPNVTHVINYDLPSDVDDYVHRIGRTGRAGNTGLATAFFNSENSNIVKGLHEILTEANQEVPSFLKDACNNAGDNGCGWTMDRGSWGSNGYTRNYPGVDVRSGTGSSRSSDNDRCNRGYVPWNAQIDDAGPDKEYDWPGG,0.1048313918648369,0.1508349061241926,5.309218486445603,14.028099109868805,0.1763315309835613,0.2012093442226055,0.2087781663968644,0.3821644446515228,0.1815288670981151,-0.4709280056717512,0.2542644054519193,0.3467509370981155,-0.1920698734487123,-0.3936628228564589,0.2273306787576868,0.0762433936578181
DED1_CTD,1,455.2635371685028,MAELSEQVQNLSINDNNENGYVPPHLRGKPRSARNNSSNYNNNNGGYNGGRGGGSFFSNNRRGGYGNGGFFGGNNGGSRSNGRSGGRWIDGKHVPAPRNEKAEIAIFGVPEDPNFQSSGINFDNYDDIPVDASGKDVPEPITEFTSPPLDGLLLENIKLARFTKPTPVQKYSVPIVANGRDLMACAQTGSGKTGGFLFPVLSESFKTGPSPQPESQGSFYQRKAYPTAVIMAPTRELATQIFDEAKKFTYRSWVKACVVYGGSPIGNQLREIERGCDLLVATPGRLNDLLERGKISLANVKYLVLDEADRMLDMGFEPQIRHIVEDCDMTPVGERQTLMFSATFPADIQHLARDFLSDYIFLSVGRVGSTSENITQKVLYVENQDKKSALLDLLSASTDGLTLIFVETKRMADQLTDFLIMQNFRATAIHGDRTQSERERALAAFRSGAATLLVATAVAARGLDIPNVTHVINYDLPSDVDDYVHRIGRTGRAGNTGLATAFFNSENSNIVKGLHEILTEANQEVPSFLKDALKGRNGFQGSTGSHRQKESGYGNNGPSWDSRSPYNSGNNRNDVMPGFGMGFRVARGNSPRSTDYFPTRNDGM,0.1021907401437685,0.1552426376522299,5.285174906237433,14.026903645201712,0.1642619846267135,0.2029312000705488,0.2102757595650592,0.3826777587626529,0.1847245393015501,-0.4744193452318375,0.2455622158206843,0.3474712900930665,-0.1882948626157677,-0.3955582922012731,0.2264966513108302,0.0753265612053536
DED1_CTD,2,574.0941979885101,MAELSEQVQNLSINDNNENGYVPPHLRGKPRSARNNSSNYNNNNGGYNGGRGGGSFFSNNRRGGYGNGGFFGGNNGGSRSNGRSGGRWIDGKHVPAPRNEKAEIAIFGVPEDPNFQSSGINFDNYDDIPVDASGKDVPEPITEFTSPPLDGLLLENIKLARFTKPTPVQKYSVPIVANGRDLMACAQTGSGKTGGFLFPVLSESFKTGPSPQPESQGSFYQRKAYPTAVIMAPTRELATQIFDEAKKFTYRSWVKACVVYGGSPIGNQLREIERGCDLLVATPGRLNDLLERGKISLANVKYLVLDEADRMLDMGFEPQIRHIVEDCDMTPVGERQTLMFSATFPADIQHLARDFLSDYIFLSVGRVGSTSENITQKVLYVENQDKKSALLDLLSASTDGLTLIFVETKRMADQLTDFLIMQNFRATAIHGDRTQSERERALAAFRSGAATLLVATAVAARGLDIPNVTHVINYDLPSDVDDYVHRIGRTGRAGNTGLATAFFNSENSNIVKGLHEILTEANQEVPSFLKDAARSWPGGYRNVEWPDSKDNGIRSEGNSTGSDNGEGPNCYWGPGNSDEWFRHGRIFGSNGDNGRGRQGSNAGG,0.1084754129007038,0.1630738640559446,5.299547526126822,13.891714059298796,0.171866692352213,0.2034892435109235,0.2106485986031179,0.3818955680872933,0.1859867343077695,-0.4701663350518713,0.2554084775685187,0.3456549415894364,-0.1936094811247958,-0.3959126467342514,0.2312569300360743,0.0765954083041805
DED1_CTD,3,547.7608439922333,MAELSEQVQNLSINDNNENGYVPPHLRGKPRSARNNSSNYNNNNGGYNGGRGGGSFFSNNRRGGYGNGGFFGGNNGGSRSNGRSGGRWIDGKHVPAPRNEKAEIAIFGVPEDPNFQSSGINFDNYDDIPVDASGKDVPEPITEFTSPPLDGLLLENIKLARFTKPTPVQKYSVPIVANGRDLMACAQTGSGKTGGFLFPVLSESFKTGPSPQPESQGSFYQRKAYPTAVIMAPTRELATQIFDEAKKFTYRSWVKACVVYGGSPIGNQLREIERGCDLLVATPGRLNDLLERGKISLANVKYLVLDEADRMLDMGFEPQIRHIVEDCDMTPVGERQTLMFSATFPADIQHLARDFLSDYIFLSVGRVGSTSENITQKVLYVENQDKKSALLDLLSASTDGLTLIFVETKRMADQLTDFLIMQNFRATAIHGDRTQSERERALAAFRSGAATLLVATAVAARGLDIPNVTHVINYDLPSDVDDYVHRIGRTGRAGNTGLATAFFNSENSNIVKGLHEILTEANQEVPSFLKDACKRKPKDRNSGGGDPNASTGYYYWSDSDNSGSRRTRNSGSNSPPSSPYGPRSSNRRTRCVFFPPSGGNCVRG,0.0947335170157287,0.1482443786085993,5.366516307306901,13.874243126853523,0.1564032746415517,0.2008561380240975,0.2107145256024424,0.3848278531901427,0.1857243316183024,-0.4752539584010094,0.2498841566927629,0.3474939931901204,-0.1887884645185918,-0.3951467611678519,0.2232398866965551,0.075059646237736
DED1_CTD,4,905.599359035492,MAELSEQVQNLSINDNNENGYVPPHLRGKPRSARNNSSNYNNNNGGYNGGRGGGSFFSNNRRGGYGNGGFFGGNNGGSRSNGRSGGRWIDGKHVPAPRNEKAEIAIFGVPEDPNFQSSGINFDNYDDIPVDASGKDVPEPITEFTSPPLDGLLLENIKLARFTKPTPVQKYSVPIVANGRDLMACAQTGSGKTGGFLFPVLSESFKTGPSPQPESQGSFYQRKAYPTAVIMAPTRELATQIFDEAKKFTYRSWVKACVVYGGSPIGNQLREIERGCDLLVATPGRLNDLLERGKISLANVKYLVLDEADRMLDMGFEPQIRHIVEDCDMTPVGERQTLMFSATFPADIQHLARDFLSDYIFLSVGRVGSTSENITQKVLYVENQDKKSALLDLLSASTDGLTLIFVETKRMADQLTDFLIMQNFRATAIHGDRTQSERERALAAFRSGAATLLVATAVAARGLDIPNVTHVINYDLPSDVDDYVHRIGRTGRAGNTGLATAFFNSENSNIVKGLHEILTEANQEVPSFLKDAMYYGGSRSNWQDSSMKSCDGQGRNASPGGRRGVFKWKNTGGGGNYSWGDSDNVPRGNDYPVTGNRNNDNGGI,0.0966705326976131,0.1554238152616116,5.278060342602203,13.790016922697165,0.1675335493087989,0.2022344953943139,0.2108752523121177,0.3838358867792368,0.1837190721906476,-0.4738266778835462,0.2572507100100199,0.3477350256949885,-0.190352861051759,-0.3956373934298563,0.2296813244044904,0.0764244906667327
DED1_CTD,5,579.7053730487823,MAELSEQVQNLSINDNNENGYVPPHLRGKPRSARNNSSNYNNNNGGYNGGRGGGSFFSNNRRGGYGNGGFFGGNNGGSRSNGRSGGRWIDGKHVPAPRNEKAEIAIFGVPEDPNFQSSGINFDNYDDIPVDASGKDVPEPITEFTSPPLDGLLLENIKLARFTKPTPVQKYSVPIVANGRDLMACAQTGSGKTGGFLFPVLSESFKTGPSPQPESQGSFYQRKAYPTAVIMAPTRELATQIFDEAKKFTYRSWVKACVVYGGSPIGNQLREIERGCDLLVATPGRLNDLLERGKISLANVKYLVLDEADRMLDMGFEPQIRHIVEDCDMTPVGERQTLMFSATFPADIQHLARDFLSDYIFLSVGRVGSTSENITQKVLYVENQDKKSALLDLLSASTDGLTLIFVETKRMADQLTDFLIMQNFRATAIHGDRTQSERERALAAFRSGAATLLVATAVAARGLDIPNVTHVINYDLPSDVDDYVHRIGRTGRAGNTGLATAFFNSENSNIVKGLHEILTEANQEVPSFLKDAMSAWGIGWSGKRGWYTGGASPPNKHRGRNNGNSPDSGVWWDRSNCGDSRPRSDGSGARNQNVGNRVAPSGNS,0.094969043192483,0.1632056996561199,5.279884631063391,13.81665078562136,0.164885122980433,0.2027601227707773,0.2106645855437796,0.3804519489884285,0.1828416173133416,-0.4774369061172961,0.2519506756427093,0.3480773905397596,-0.1887855015921512,-0.3943455904847294,0.2282184836157705,0.0729679048411134
DED1_CTD,6,580.4786942005157,MAELSEQVQNLSINDNNENGYVPPHLRGKPRSARNNSSNYNNNNGGYNGGRGGGSFFSNNRRGGYGNGGFFGGNNGGSRSNGRSGGRWIDGKHVPAPRNEKAEIAIFGVPEDPNFQSSGINFDNYDDIPVDASGKDVPEPITEFTSPPLDGLLLENIKLARFTKPTPVQKYSVPIVANGRDLMACAQTGSGKTGGFLFPVLSESFKTGPSPQPESQGSFYQRKAYPTAVIMAPTRELATQIFDEAKKFTYRSWVKACVVYGGSPIGNQLREIERGCDLLVATPGRLNDLLERGKISLANVKYLVLDEADRMLDMGFEPQIRHIVEDCDMTPVGERQTLMFSATFPADIQHLARDFLSDYIFLSVGRVGSTSENITQKVLYVENQDKKSALLDLLSASTDGLTLIFVETKRMADQLTDFLIMQNFRATAIHGDRTQSERERALAAFRSGAATLLVATAVAARGLDIPNVTHVINYDLPSDVDDYVHRIGRTGRAGNTGLATAFFNSENSNIVKGLHEILTEANQEVPSFLKDAMGSRWGNDVYGPQAKCDKGGWSCNFGVSWDSSEGNGGRRHNNDSWPNNEGGSWTSDYGDGAMDNGNRRDGGG,0.1067604953856074,0.1630956566072476,5.297901780389423,13.842644670389838,0.172850599370694,0.2028415089514559,0.2112090657737495,0.3768776324201542,0.1824486518690118,-0.4751256932916581,0.2612340401592143,0.348023507553185,-0.1900747794081236,-0.3945121473541855,0.2303553815041064,0.0768817350752941
DED1_CTD,7,565.0919790267944,MAELSEQVQNLSINDNNENGYVPPHLRGKPRSARNNSSNYNNNNGGYNGGRGGGSFFSNNRRGGYGNGGFFGGNNGGSRSNGRSGGRWIDGKHVPAPRNEKAEIAIFGVPEDPNFQSSGINFDNYDDIPVDASGKDVPEPITEFTSPPLDGLLLENIKLARFTKPTPVQKYSVPIVANGRDLMACAQTGSGKTGGFLFPVLSESFKTGPSPQPESQGSFYQRKAYPTAVIMAPTRELATQIFDEAKKFTYRSWVKACVVYGGSPIGNQLREIERGCDLLVATPGRLNDLLERGKISLANVKYLVLDEADRMLDMGFEPQIRHIVEDCDMTPVGERQTLMFSATFPADIQHLARDFLSDYIFLSVGRVGSTSENITQKVLYVENQDKKSALLDLLSASTDGLTLIFVETKRMADQLTDFLIMQNFRATAIHGDRTQSERERALAAFRSGAATLLVATAVAARGLDIPNVTHVINYDLPSDVDDYVHRIGRTGRAGNTGLATAFFNSENSNIVKGLHEILTEANQEVPSFLKDAMDNAPGGGNGQGQVDAYGSFGSRWQDRDLSNGGNGWGWDVNDGPRNGNRGNGDFPNCDCYNCRGGGYDSQNL,0.1084780339268706,0.1694859684260066,5.201127350570531,13.876027828768304,0.1636973629320296,0.2024545175772862,0.2111558098916307,0.3813735476852128,0.1808165899632934,-0.4715369286875145,0.2510284272479124,0.3472164653190605,-0.1868821398708296,-0.3956298857744726,0.2314219984520616,0.0754553399579326
DED1_CTD,8,462.3237521648407,MAELSEQVQNLSINDNNENGYVPPHLRGKPRSARNNSSNYNNNNGGYNGGRGGGSFFSNNRRGGYGNGGFFGGNNGGSRSNGRSGGRWIDGKHVPAPRNEKAEIAIFGVPEDPNFQSSGINFDNYDDIPVDASGKDVPEPITEFTSPPLDGLLLENIKLARFTKPTPVQKYSVPIVANGRDLMACAQTGSGKTGGFLFPVLSESFKTGPSPQPESQGSFYQRKAYPTAVIMAPTRELATQIFDEAKKFTYRSWVKACVVYGGSPIGNQLREIERGCDLLVATPGRLNDLLERGKISLANVKYLVLDEADRMLDMGFEPQIRHIVEDCDMTPVGERQTLMFSATFPADIQHLARDFLSDYIFLSVGRVGSTSENITQKVLYVENQDKKSALLDLLSASTDGLTLIFVETKRMADQLTDFLIMQNFRATAIHGDRTQSERERALAAFRSGAATLLVATAVAARGLDIPNVTHVINYDLPSDVDDYVHRIGRTGRAGNTGLATAFFNSENSNIVKGLHEILTEANQEVPSFLKDAAKGGEGYYWNKGFADGSDGPNGAGNDNNVPNNNDYSESRWNGGRGAQNDYSDGDVQGSGGHDWIDWGPANKP,0.1204147677641163,0.1621429199462097,5.331453593051903,13.899078266778035,0.1652581934308766,0.2014605918351828,0.2102996857261525,0.3816241771549879,0.1877322762534842,-0.4733025800072885,0.2564657425926978,0.3432440153875089,-0.1926192343425374,-0.3949788559523274,0.2339791219098132,0.0750471276738985
DED1_CTD,9,493.806382894516,MAELSEQVQNLSINDNNENGYVPPHLRGKPRSARNNSSNYNNNNGGYNGGRGGGSFFSNNRRGGYGNGGFFGGNNGGSRSNGRSGGRWIDGKHVPAPRNEKAEIAIFGVPEDPNFQSSGINFDNYDDIPVDASGKDVPEPITEFTSPPLDGLLLENIKLARFTKPTPVQKYSVPIVANGRDLMACAQTGSGKTGGFLFPVLSESFKTGPSPQPESQGSFYQRKAYPTAVIMAPTRELATQIFDEAKKFTYRSWVKACVVYGGSPIGNQLREIERGCDLLVATPGRLNDLLERGKISLANVKYLVLDEADRMLDMGFEPQIRHIVEDCDMTPVGERQTLMFSATFPADIQHLARDFLSDYIFLSVGRVGSTSENITQKVLYVENQDKKSALLDLLSASTDGLTLIFVETKRMADQLTDFLIMQNFRATAIHGDRTQSERERALAAFRSGAATLLVATAVAARGLDIPNVTHVINYDLPSDVDDYVHRIGRTGRAGNTGLATAFFNSENSNIVKGLHEILTEANQEVPSFLKDAGMKCDSSYGWDRSSGWGGNRPRGSSGGPDVVQGCRGGRRQPDSPGSTYSYDASMSRNFSPNYGSNNRDSYNC,0.1002266480575822,0.1577784657496951,5.270670198026395,13.853509538192355,0.1735158690107471,0.2005905453103035,0.2112160902210114,0.3821214268992305,0.1830757756557828,-0.4765732094044943,0.248434794999197,0.3465570996905944,-0.1906091988860418,-0.3960746351988811,0.2270760376906031,0.0748154963087906
DED1_CTD,10,743.5125708580017,MAELSEQVQNLSINDNNENGYVPPHLRGKPRSARNNSSNYNNNNGGYNGGRGGGSFFSNNRRGGYGNGGFFGGNNGGSRSNGRSGGRWIDGKHVPAPRNEKAEIAIFGVPEDPNFQSSGINFDNYDDIPVDASGKDVPEPITEFTSPPLDGLLLENIKLARFTKPTPVQKYSVPIVANGRDLMACAQTGSGKTGGFLFPVLSESFKTGPSPQPESQGSFYQRKAYPTAVIMAPTRELATQIFDEAKKFTYRSWVKACVVYGGSPIGNQLREIERGCDLLVATPGRLNDLLERGKISLANVKYLVLDEADRMLDMGFEPQIRHIVEDCDMTPVGERQTLMFSATFPADIQHLARDFLSDYIFLSVGRVGSTSENITQKVLYVENQDKKSALLDLLSASTDGLTLIFVETKRMADQLTDFLIMQNFRATAIHGDRTQSERERALAAFRSGAATLLVATAVAARGLDIPNVTHVINYDLPSDVDDYVHRIGRTGRAGNTGLATAFFNSENSNIVKGLHEILTEANQEVPSFLKDAMGGNRNMDWGSGGNDWSMPDDGGWTEDRVMKFPFVNGGSNGYSNGWQNRVNQGRGSKHSPGNRPRSCPNRDM,0.1060967217208725,0.1629570693530237,5.311931112800854,13.943667693950516,0.1656692386378692,0.1998983278498941,0.2111371560619873,0.3812933699625048,0.1841716805894472,-0.4772339522022379,0.2527307567626255,0.3481079643031322,-0.1872210217350171,-0.3936256566603212,0.2283765033926705,0.0751574588627813
DED1_CTD,11,412.3921930789948,MAELSEQVQNLSINDNNENGYVPPHLRGKPRSARNNSSNYNNNNGGYNGGRGGGSFFSNNRRGGYGNGGFFGGNNGGSRSNGRSGGRWIDGKHVPAPRNEKAEIAIFGVPEDPNFQSSGINFDNYDDIPVDASGKDVPEPITEFTSPPLDGLLLENIKLARFTKPTPVQKYSVPIVANGRDLMACAQTGSGKTGGFLFPVLSESFKTGPSPQPESQGSFYQRKAYPTAVIMAPTRELATQIFDEAKKFTYRSWVKACVVYGGSPIGNQLREIERGCDLLVATPGRLNDLLERGKISLANVKYLVLDEADRMLDMGFEPQIRHIVEDCDMTPVGERQTLMFSATFPADIQHLARDFLSDYIFLSVGRVGSTSENITQKVLYVENQDKKSALLDLLSASTDGLTLIFVETKRMADQLTDFLIMQNFRATAIHGDRTQSERERALAAFRSGAATLLVATAVAARGLDIPNVTHVINYDLPSDVDDYVHRIGRTGRAGNTGLATAFFNSENSNIVKGLHEILTEANQEVPSFLKDARADRRNNKGDMFSRGGAGNAVSPYTSGWSNHSFNYPRNNRDGTGNSGYCEGGFSDDWKSGNGVNSRPSGRGM,0.1032004708679183,0.1554308725128007,5.275806087028967,13.860676566045989,0.1667046647827395,0.2000170283365261,0.2096339851788751,0.3842449686009456,0.1836593255515452,-0.4748833153048501,0.2581833912253946,0.3482035049137463,-0.1900623269639485,-0.392759543902665,0.2296008981308147,0.0769495720991593
DED1_CTD,12,566.8900470733643,MAELSEQVQNLSINDNNENGYVPPHLRGKPRSARNNSSNYNNNNGGYNGGRGGGSFFSNNRRGGYGNGGFFGGNNGGSRSNGRSGGRWIDGKHVPAPRNEKAEIAIFGVPEDPNFQSSGINFDNYDDIPVDASGKDVPEPITEFTSPPLDGLLLENIKLARFTKPTPVQKYSVPIVANGRDLMACAQTGSGKTGGFLFPVLSESFKTGPSPQPESQGSFYQRKAYPTAVIMAPTRELATQIFDEAKKFTYRSWVKACVVYGGSPIGNQLREIERGCDLLVATPGRLNDLLERGKISLANVKYLVLDEADRMLDMGFEPQIRHIVEDCDMTPVGERQTLMFSATFPADIQHLARDFLSDYIFLSVGRVGSTSENITQKVLYVENQDKKSALLDLLSASTDGLTLIFVETKRMADQLTDFLIMQNFRATAIHGDRTQSERERALAAFRSGAATLLVATAVAARGLDIPNVTHVINYDLPSDVDDYVHRIGRTGRAGNTGLATAFFNSENSNIVKGLHEILTEANQEVPSFLKDAANFWNNKPWEFQPGGGEGSNTGSNGRSNGGPKGSEYHSRSRNTQKSGNNDGGGYGCRDPVDRKSGWGDDWSC,0.10748157687851,0.1587176805701191,5.336091422614508,13.861572244701982,0.1758113433184794,0.2006327501004942,0.2102882400598911,0.3807531768003036,0.1863795103086694,-0.4737679015517743,0.2525096572943212,0.3474455008724094,-0.1882582066222189,-0.3935877171947216,0.2322582555225234,0.0775388866834901
DED1_CTD,13,629.0141079425812,MAELSEQVQNLSINDNNENGYVPPHLRGKPRSARNNSSNYNNNNGGYNGGRGGGSFFSNNRRGGYGNGGFFGGNNGGSRSNGRSGGRWIDGKHVPAPRNEKAEIAIFGVPEDPNFQSSGINFDNYDDIPVDASGKDVPEPITEFTSPPLDGLLLENIKLARFTKPTPVQKYSVPIVANGRDLMACAQTGSGKTGGFLFPVLSESFKTGPSPQPESQGSFYQRKAYPTAVIMAPTRELATQIFDEAKKFTYRSWVKACVVYGGSPIGNQLREIERGCDLLVATPGRLNDLLERGKISLANVKYLVLDEADRMLDMGFEPQIRHIVEDCDMTPVGERQTLMFSATFPADIQHLARDFLSDYIFLSVGRVGSTSENITQKVLYVENQDKKSALLDLLSASTDGLTLIFVETKRMADQLTDFLIMQNFRATAIHGDRTQSERERALAAFRSGAATLLVATAVAARGLDIPNVTHVINYDLPSDVDDYVHRIGRTGRAGNTGLATAFFNSENSNIVKGLHEILTEANQEVPSFLKDAAGYKRSGGGDGSDYNNSRGNPMPGSNWGASSGYNNAISSPNRADKDSWFNNTGGYGRTGYPTIQGSRRTGDG,0.0922372556901588,0.1531390041608491,5.2668044280542325,13.817777910079096,0.1666544862282252,0.2026406419809594,0.2104893152117276,0.3818015345307399,0.1842791361612225,-0.4692070471704894,0.2555196168460158,0.3480371234571708,-0.1909135948041105,-0.3965985820378968,0.2309831942413961,0.0741469558478178
DED1_CTD,14,529.921070098877,MAELSEQVQNLSINDNNENGYVPPHLRGKPRSARNNSSNYNNNNGGYNGGRGGGSFFSNNRRGGYGNGGFFGGNNGGSRSNGRSGGRWIDGKHVPAPRNEKAEIAIFGVPEDPNFQSSGINFDNYDDIPVDASGKDVPEPITEFTSPPLDGLLLENIKLARFTKPTPVQKYSVPIVANGRDLMACAQTGSGKTGGFLFPVLSESFKTGPSPQPESQGSFYQRKAYPTAVIMAPTRELATQIFDEAKKFTYRSWVKACVVYGGSPIGNQLREIERGCDLLVATPGRLNDLLERGKISLANVKYLVLDEADRMLDMGFEPQIRHIVEDCDMTPVGERQTLMFSATFPADIQHLARDFLSDYIFLSVGRVGSTSENITQKVLYVENQDKKSALLDLLSASTDGLTLIFVETKRMADQLTDFLIMQNFRATAIHGDRTQSERERALAAFRSGAATLLVATAVAARGLDIPNVTHVINYDLPSDVDDYVHRIGRTGRAGNTGLATAFFNSENSNIVKGLHEILTEANQEVPSFLKDAHRRNWYNNGRMGSDCDDSLPNGRGPNNAPPGSDSTGNKGFGSYNNDYRNRADFGSVSRGDGSGWVWGSSGGG,0.1004560889700523,0.1608703448554384,5.292211769911551,13.80078344725623,0.1653721554692113,0.1990345845636432,0.210798926065045,0.3837590103342881,0.1829768483261677,-0.4732401481300178,0.2560722365965671,0.3482579577714433,-0.1894009133814354,-0.3930718879306675,0.2276618564811465,0.077361982589441
DED1_CTD,15,290.42132663726807,MAELSEQVQNLSINDNNENGYVPPHLRGKPRSARNNSSNYNNNNGGYNGGRGGGSFFSNNRRGGYGNGGFFGGNNGGSRSNGRSGGRWIDGKHVPAPRNEKAEIAIFGVPEDPNFQSSGINFDNYDDIPVDASGKDVPEPITEFTSPPLDGLLLENIKLARFTKPTPVQKYSVPIVANGRDLMACAQTGSGKTGGFLFPVLSESFKTGPSPQPESQGSFYQRKAYPTAVIMAPTRELATQIFDEAKKFTYRSWVKACVVYGGSPIGNQLREIERGCDLLVATPGRLNDLLERGKISLANVKYLVLDEADRMLDMGFEPQIRHIVEDCDMTPVGERQTLMFSATFPADIQHLARDFLSDYIFLSVGRVGSTSENITQKVLYVENQDKKSALLDLLSASTDGLTLIFVETKRMADQLTDFLIMQNFRATAIHGDRTQSERERALAAFRSGAATLLVATAVAARGLDIPNVTHVINYDLPSDVDDYVHRIGRTGRAGNTGLATAFFNSENSNIVKGLHEILTEANQEVPSFLKDALQSRGGCRFRRSNDNTPGNGSYGDPRGSCDYDTSPGSNMSKGHTREYSYNTGSGGPNWEGGFRGHYYPNTKC,0.1103138165130897,0.160791011543411,5.36026843729981,13.99352102183076,0.1643422780375339,0.2005586780186987,0.2102916158820034,0.3843308464813067,0.1849160916298029,-0.4725779581416015,0.2522480244465772,0.3453877851811278,-0.1903497040859708,-0.3953948169118846,0.2324743073153071,0.0767400963780699
DED1_CTD,16,364.337837934494,MAELSEQVQNLSINDNNENGYVPPHLRGKPRSARNNSSNYNNNNGGYNGGRGGGSFFSNNRRGGYGNGGFFGGNNGGSRSNGRSGGRWIDGKHVPAPRNEKAEIAIFGVPEDPNFQSSGINFDNYDDIPVDASGKDVPEPITEFTSPPLDGLLLENIKLARFTKPTPVQKYSVPIVANGRDLMACAQTGSGKTGGFLFPVLSESFKTGPSPQPESQGSFYQRKAYPTAVIMAPTRELATQIFDEAKKFTYRSWVKACVVYGGSPIGNQLREIERGCDLLVATPGRLNDLLERGKISLANVKYLVLDEADRMLDMGFEPQIRHIVEDCDMTPVGERQTLMFSATFPADIQHLARDFLSDYIFLSVGRVGSTSENITQKVLYVENQDKKSALLDLLSASTDGLTLIFVETKRMADQLTDFLIMQNFRATAIHGDRTQSERERALAAFRSGAATLLVATAVAARGLDIPNVTHVINYDLPSDVDDYVHRIGRTGRAGNTGLATAFFNSENSNIVKGLHEILTEANQEVPSFLKDAASNMGDDFGWHQWGDGRNANADKGEGWSFQGDDPVMDNWRTGSNSGGNWGSSRPTVPQEKGGGYNSSGNGRT,0.1081672834311808,0.1618378112580415,5.2976889326569365,13.796933932082544,0.1717890191048477,0.202768326497933,0.2110760977424816,0.3836235882160762,0.1870754810411009,-0.4685220645614455,0.2509865240913204,0.3458235814526978,-0.1900198081495353,-0.3945718199603393,0.2317459869778825,0.0738542802759907
DED1_CTD,17,960.082456111908,MAELSEQVQNLSINDNNENGYVPPHLRGKPRSARNNSSNYNNNNGGYNGGRGGGSFFSNNRRGGYGNGGFFGGNNGGSRSNGRSGGRWIDGKHVPAPRNEKAEIAIFGVPEDPNFQSSGINFDNYDDIPVDASGKDVPEPITEFTSPPLDGLLLENIKLARFTKPTPVQKYSVPIVANGRDLMACAQTGSGKTGGFLFPVLSESFKTGPSPQPESQGSFYQRKAYPTAVIMAPTRELATQIFDEAKKFTYRSWVKACVVYGGSPIGNQLREIERGCDLLVATPGRLNDLLERGKISLANVKYLVLDEADRMLDMGFEPQIRHIVEDCDMTPVGERQTLMFSATFPADIQHLARDFLSDYIFLSVGRVGSTSENITQKVLYVENQDKKSALLDLLSASTDGLTLIFVETKRMADQLTDFLIMQNFRATAIHGDRTQSERERALAAFRSGAATLLVATAVAARGLDIPNVTHVINYDLPSDVDDYVHRIGRTGRAGNTGLATAFFNSENSNIVKGLHEILTEANQEVPSFLKDACPNCNGGGKDDGYNQFDYYMYNVNDRGGCNRPRGNTSPGSDESETRKWDHCPGGSQRSKGGGVNSGWGDCWG,0.1017208563988438,0.1540226656662547,5.2204366487134495,13.877686494814093,0.159226572447804,0.2037580606348799,0.2087743819609566,0.3820420411877674,0.1851948047512528,-0.4776430070329451,0.2503755840886134,0.3481891308589893,-0.1882126581018101,-0.3950947753449704,0.2287372461832792,0.0747255483899224
DED1_CTD,18,385.767247915268,MAELSEQVQNLSINDNNENGYVPPHLRGKPRSARNNSSNYNNNNGGYNGGRGGGSFFSNNRRGGYGNGGFFGGNNGGSRSNGRSGGRWIDGKHVPAPRNEKAEIAIFGVPEDPNFQSSGINFDNYDDIPVDASGKDVPEPITEFTSPPLDGLLLENIKLARFTKPTPVQKYSVPIVANGRDLMACAQTGSGKTGGFLFPVLSESFKTGPSPQPESQGSFYQRKAYPTAVIMAPTRELATQIFDEAKKFTYRSWVKACVVYGGSPIGNQLREIERGCDLLVATPGRLNDLLERGKISLANVKYLVLDEADRMLDMGFEPQIRHIVEDCDMTPVGERQTLMFSATFPADIQHLARDFLSDYIFLSVGRVGSTSENITQKVLYVENQDKKSALLDLLSASTDGLTLIFVETKRMADQLTDFLIMQNFRATAIHGDRTQSERERALAAFRSGAATLLVATAVAARGLDIPNVTHVINYDLPSDVDDYVHRIGRTGRAGNTGLATAFFNSENSNIVKGLHEILTEANQEVPSFLKDAAQGGNSPNGWNRSNSHSNMKPLDRDGISTGNKWPAYGDGADTPFNNFSTRGCTNRARVWGSPGRGYCRSGRM,0.0940156161442453,0.1545229922185352,5.281839037410961,14.08639223640589,0.1725460892069437,0.1988866051844025,0.209571530710508,0.3782136688440045,0.1861116696971601,-0.4742709361848165,0.2479345449294639,0.3469038506219091,-0.1904081401611945,-0.3939618119533009,0.2270420583320869,0.073251144417813
DED1_CTD,19,215.1954472064972,MAELSEQVQNLSINDNNENGYVPPHLRGKPRSARNNSSNYNNNNGGYNGGRGGGSFFSNNRRGGYGNGGFFGGNNGGSRSNGRSGGRWIDGKHVPAPRNEKAEIAIFGVPEDPNFQSSGINFDNYDDIPVDASGKDVPEPITEFTSPPLDGLLLENIKLARFTKPTPVQKYSVPIVANGRDLMACAQTGSGKTGGFLFPVLSESFKTGPSPQPESQGSFYQRKAYPTAVIMAPTRELATQIFDEAKKFTYRSWVKACVVYGGSPIGNQLREIERGCDLLVATPGRLNDLLERGKISLANVKYLVLDEADRMLDMGFEPQIRHIVEDCDMTPVGERQTLMFSATFPADIQHLARDFLSDYIFLSVGRVGSTSENITQKVLYVENQDKKSALLDLLSASTDGLTLIFVETKRMADQLTDFLIMQNFRATAIHGDRTQSERERALAAFRSGAATLLVATAVAARGLDIPNVTHVINYDLPSDVDDYVHRIGRTGRAGNTGLATAFFNSENSNIVKGLHEILTEANQEVPSFLKDAHKHCNGGIDFQNGRDSSRCKNQGRNGGNSYWSGPNNGDDDNGAGRRRPSSNGCFDWVYVNPPGGYYGNKGQG,0.1153220258481283,0.1593514389551175,5.278783374105348,13.851564603949056,0.1619709850916552,0.202690820353766,0.2100096248533617,0.3833261354644642,0.1848787798050125,-0.4725651849762048,0.2515957913992641,0.3476614941878027,-0.1890775664429951,-0.395162636504892,0.2310109430826222,0.0755450140338823
DED1_CTD,20,827.802444934845,MAELSEQVQNLSINDNNENGYVPPHLRGKPRSARNNSSNYNNNNGGYNGGRGGGSFFSNNRRGGYGNGGFFGGNNGGSRSNGRSGGRWIDGKHVPAPRNEKAEIAIFGVPEDPNFQSSGINFDNYDDIPVDASGKDVPEPITEFTSPPLDGLLLENIKLARFTKPTPVQKYSVPIVANGRDLMACAQTGSGKTGGFLFPVLSESFKTGPSPQPESQGSFYQRKAYPTAVIMAPTRELATQIFDEAKKFTYRSWVKACVVYGGSPIGNQLREIERGCDLLVATPGRLNDLLERGKISLANVKYLVLDEADRMLDMGFEPQIRHIVEDCDMTPVGERQTLMFSATFPADIQHLARDFLSDYIFLSVGRVGSTSENITQKVLYVENQDKKSALLDLLSASTDGLTLIFVETKRMADQLTDFLIMQNFRATAIHGDRTQSERERALAAFRSGAATLLVATAVAARGLDIPNVTHVINYDLPSDVDDYVHRIGRTGRAGNTGLATAFFNSENSNIVKGLHEILTEANQEVPSFLKDAMQCNGYSRESNNRGNNNGRADRPWGSRAWPGSSPGGNVDFDCDSGRSRQVPYNAGGSRTEYGDFGWSDGGGV,0.1104373125558266,0.1638482565763676,5.324330936969964,13.856439206065865,0.1657156446276579,0.2012331631248427,0.2099148090511328,0.3826439707773031,0.1833124545287055,-0.4790146724577033,0.2528073877905015,0.3480167382829046,-0.187142237359202,-0.3947426636966015,0.2280562046946222,0.0764360284052239
DED1_CTD,21,1030.248293876648,MAELSEQVQNLSINDNNENGYVPPHLRGKPRSARNNSSNYNNNNGGYNGGRGGGSFFSNNRRGGYGNGGFFGGNNGGSRSNGRSGGRWIDGKHVPAPRNEKAEIAIFGVPEDPNFQSSGINFDNYDDIPVDASGKDVPEPITEFTSPPLDGLLLENIKLARFTKPTPVQKYSVPIVANGRDLMACAQTGSGKTGGFLFPVLSESFKTGPSPQPESQGSFYQRKAYPTAVIMAPTRELATQIFDEAKKFTYRSWVKACVVYGGSPIGNQLREIERGCDLLVATPGRLNDLLERGKISLANVKYLVLDEADRMLDMGFEPQIRHIVEDCDMTPVGERQTLMFSATFPADIQHLARDFLSDYIFLSVGRVGSTSENITQKVLYVENQDKKSALLDLLSASTDGLTLIFVETKRMADQLTDFLIMQNFRATAIHGDRTQSERERALAAFRSGAATLLVATAVAARGLDIPNVTHVINYDLPSDVDDYVHRIGRTGRAGNTGLATAFFNSENSNIVKGLHEILTEANQEVPSFLKDAANRYWSDGSSSWGPGPGTRNGSGADRCQVDDNRPSWNYLSTNRVPNGRNVRAKGPRRGFPDDSPGSGGSYSI,0.0891788946105778,0.1529287226556577,5.336240820522516,13.831343794567374,0.1634468694302988,0.2024952273645902,0.2100017317059281,0.3823409080820971,0.1825268652711296,-0.470362514830474,0.2524924112287808,0.3462808046188659,-0.1877744830396851,-0.3945945164165362,0.2301769618806054,0.0751403581756683
DED1_CTD,22,450.6886389255524,MAELSEQVQNLSINDNNENGYVPPHLRGKPRSARNNSSNYNNNNGGYNGGRGGGSFFSNNRRGGYGNGGFFGGNNGGSRSNGRSGGRWIDGKHVPAPRNEKAEIAIFGVPEDPNFQSSGINFDNYDDIPVDASGKDVPEPITEFTSPPLDGLLLENIKLARFTKPTPVQKYSVPIVANGRDLMACAQTGSGKTGGFLFPVLSESFKTGPSPQPESQGSFYQRKAYPTAVIMAPTRELATQIFDEAKKFTYRSWVKACVVYGGSPIGNQLREIERGCDLLVATPGRLNDLLERGKISLANVKYLVLDEADRMLDMGFEPQIRHIVEDCDMTPVGERQTLMFSATFPADIQHLARDFLSDYIFLSVGRVGSTSENITQKVLYVENQDKKSALLDLLSASTDGLTLIFVETKRMADQLTDFLIMQNFRATAIHGDRTQSERERALAAFRSGAATLLVATAVAARGLDIPNVTHVINYDLPSDVDDYVHRIGRTGRAGNTGLATAFFNSENSNIVKGLHEILTEANQEVPSFLKDAMRNNGNGGNGPFRGVGFYYRPSGSNGWSNDGDIDCWDATNYNNGKTDNAPADRGLRPHGTNGGRTGGADSWV,0.0992457459221893,0.1620897688435069,5.249670629276355,13.877982622881431,0.1628344422996542,0.2009461186517446,0.2101869303785852,0.3794459441763136,0.1888999872166248,-0.4711417087554583,0.2477910349789349,0.3466445419726117,-0.1907399898189034,-0.3950275909952301,0.2293866549750576,0.0750859752610834
DED1_CTD,23,768.3848621845245,MAELSEQVQNLSINDNNENGYVPPHLRGKPRSARNNSSNYNNNNGGYNGGRGGGSFFSNNRRGGYGNGGFFGGNNGGSRSNGRSGGRWIDGKHVPAPRNEKAEIAIFGVPEDPNFQSSGINFDNYDDIPVDASGKDVPEPITEFTSPPLDGLLLENIKLARFTKPTPVQKYSVPIVANGRDLMACAQTGSGKTGGFLFPVLSESFKTGPSPQPESQGSFYQRKAYPTAVIMAPTRELATQIFDEAKKFTYRSWVKACVVYGGSPIGNQLREIERGCDLLVATPGRLNDLLERGKISLANVKYLVLDEADRMLDMGFEPQIRHIVEDCDMTPVGERQTLMFSATFPADIQHLARDFLSDYIFLSVGRVGSTSENITQKVLYVENQDKKSALLDLLSASTDGLTLIFVETKRMADQLTDFLIMQNFRATAIHGDRTQSERERALAAFRSGAATLLVATAVAARGLDIPNVTHVINYDLPSDVDDYVHRIGRTGRAGNTGLATAFFNSENSNIVKGLHEILTEANQEVPSFLKDAMAYYWGNGRNGARANNPEYGDWETDDDGRKGQNYGNGPVAGWRRDSGPDVSVNNNNGGNNTNVGWGDKPGGG,0.1059342357649795,0.1585419317863242,5.3074918186723385,13.86633267308265,0.1737032079244857,0.2028572490586676,0.2095604261980166,0.3811117426215732,0.1855230503740194,-0.4720896600122486,0.2566585927701921,0.3461550444833836,-0.1927958929029635,-0.3965564618539526,0.2322715416387699,0.078608904957412
DED1_CTD,24,572.514318227768,MAELSEQVQNLSINDNNENGYVPPHLRGKPRSARNNSSNYNNNNGGYNGGRGGGSFFSNNRRGGYGNGGFFGGNNGGSRSNGRSGGRWIDGKHVPAPRNEKAEIAIFGVPEDPNFQSSGINFDNYDDIPVDASGKDVPEPITEFTSPPLDGLLLENIKLARFTKPTPVQKYSVPIVANGRDLMACAQTGSGKTGGFLFPVLSESFKTGPSPQPESQGSFYQRKAYPTAVIMAPTRELATQIFDEAKKFTYRSWVKACVVYGGSPIGNQLREIERGCDLLVATPGRLNDLLERGKISLANVKYLVLDEADRMLDMGFEPQIRHIVEDCDMTPVGERQTLMFSATFPADIQHLARDFLSDYIFLSVGRVGSTSENITQKVLYVENQDKKSALLDLLSASTDGLTLIFVETKRMADQLTDFLIMQNFRATAIHGDRTQSERERALAAFRSGAATLLVATAVAARGLDIPNVTHVINYDLPSDVDDYVHRIGRTGRAGNTGLATAFFNSENSNIVKGLHEILTEANQEVPSFLKDACNWGRGMKPGHHQDGGSDNEPGRSNNRGDSYGNSYYYVMKSSGYGEWGADRKSSQNYHSDYPSGGSSGSDRL,0.1129455383708053,0.1610367047241016,5.299074046872046,13.930029788956295,0.1699094706693684,0.2018630303142863,0.2093720450312176,0.3817393310059778,0.1826856959055869,-0.4744745779897073,0.2520504476638243,0.3480234988874989,-0.1900068850086963,-0.3953236145102932,0.2262492995432354,0.0763885740028337
DED1_CTD,25,356.6277379989624,MAELSEQVQNLSINDNNENGYVPPHLRGKPRSARNNSSNYNNNNGGYNGGRGGGSFFSNNRRGGYGNGGFFGGNNGGSRSNGRSGGRWIDGKHVPAPRNEKAEIAIFGVPEDPNFQSSGINFDNYDDIPVDASGKDVPEPITEFTSPPLDGLLLENIKLARFTKPTPVQKYSVPIVANGRDLMACAQTGSGKTGGFLFPVLSESFKTGPSPQPESQGSFYQRKAYPTAVIMAPTRELATQIFDEAKKFTYRSWVKACVVYGGSPIGNQLREIERGCDLLVATPGRLNDLLERGKISLANVKYLVLDEADRMLDMGFEPQIRHIVEDCDMTPVGERQTLMFSATFPADIQHLARDFLSDYIFLSVGRVGSTSENITQKVLYVENQDKKSALLDLLSASTDGLTLIFVETKRMADQLTDFLIMQNFRATAIHGDRTQSERERALAAFRSGAATLLVATAVAARGLDIPNVTHVINYDLPSDVDDYVHRIGRTGRAGNTGLATAFFNSENSNIVKGLHEILTEANQEVPSFLKDAMKSYPRSRGMYGSCSFSDNSNSREPNTGPTRGPRPKRNNANWGYHFYRAGNTNDGGGDRMFGCTGGKSNDPN,0.0994609887606839,0.153157747113532,5.318414239353781,13.994896870956063,0.1638520960786851,0.2009791263682032,0.2097400206949789,0.3819209274643135,0.1862907999192979,-0.4760492886995662,0.245855694251416,0.3454065380367566,-0.1899889644775833,-0.3941795790525744,0.2309814419859046,0.0741223586322614
DED1_CTD,26,742.0012218952179,MAELSEQVQNLSINDNNENGYVPPHLRGKPRSARNNSSNYNNNNGGYNGGRGGGSFFSNNRRGGYGNGGFFGGNNGGSRSNGRSGGRWIDGKHVPAPRNEKAEIAIFGVPEDPNFQSSGINFDNYDDIPVDASGKDVPEPITEFTSPPLDGLLLENIKLARFTKPTPVQKYSVPIVANGRDLMACAQTGSGKTGGFLFPVLSESFKTGPSPQPESQGSFYQRKAYPTAVIMAPTRELATQIFDEAKKFTYRSWVKACVVYGGSPIGNQLREIERGCDLLVATPGRLNDLLERGKISLANVKYLVLDEADRMLDMGFEPQIRHIVEDCDMTPVGERQTLMFSATFPADIQHLARDFLSDYIFLSVGRVGSTSENITQKVLYVENQDKKSALLDLLSASTDGLTLIFVETKRMADQLTDFLIMQNFRATAIHGDRTQSERERALAAFRSGAATLLVATAVAARGLDIPNVTHVINYDLPSDVDDYVHRIGRTGRAGNTGLATAFFNSENSNIVKGLHEILTEANQEVPSFLKDAMQGDMQNSHGKGMSYRFHTTRSNYNCHRTPNGTTNGTSGGWRGDSPGFPVKENGLPFRDNDRDGGGWEWGDG,0.1015167453758018,0.1606505202892013,5.326782576916028,13.93137138603547,0.1690539357569503,0.2028870843033978,0.2090203026869221,0.3846021555352738,0.1851520787531583,-0.4716663556458102,0.2521175503262823,0.3470734278628332,-0.1917117898398884,-0.3956432090694127,0.2267983903842703,0.0758057162727445
DED1_CTD,27,501.6628541946411,MAELSEQVQNLSINDNNENGYVPPHLRGKPRSARNNSSNYNNNNGGYNGGRGGGSFFSNNRRGGYGNGGFFGGNNGGSRSNGRSGGRWIDGKHVPAPRNEKAEIAIFGVPEDPNFQSSGINFDNYDDIPVDASGKDVPEPITEFTSPPLDGLLLENIKLARFTKPTPVQKYSVPIVANGRDLMACAQTGSGKTGGFLFPVLSESFKTGPSPQPESQGSFYQRKAYPTAVIMAPTRELATQIFDEAKKFTYRSWVKACVVYGGSPIGNQLREIERGCDLLVATPGRLNDLLERGKISLANVKYLVLDEADRMLDMGFEPQIRHIVEDCDMTPVGERQTLMFSATFPADIQHLARDFLSDYIFLSVGRVGSTSENITQKVLYVENQDKKSALLDLLSASTDGLTLIFVETKRMADQLTDFLIMQNFRATAIHGDRTQSERERALAAFRSGAATLLVATAVAARGLDIPNVTHVINYDLPSDVDDYVHRIGRTGRAGNTGLATAFFNSENSNIVKGLHEILTEANQEVPSFLKDAMRPGGWGVMRWSPGSNPWSNDKVDNGGASNDYYNADAYYGSNHRNTDGGSRPGYDNGGVEMTGMPGNDRNQG,0.100224459014607,0.1553759707333315,5.274126307714049,13.94217733124088,0.1676127371696375,0.2046577138323792,0.2107237929582899,0.3834966738615941,0.1815966609051988,-0.4758803612643516,0.2545913247796795,0.3461217792756352,-0.1935188620738126,-0.3964456118430484,0.2270662399527512,0.0754444708201931
DED1_CTD,28,1125.9197170734406,MAELSEQVQNLSINDNNENGYVPPHLRGKPRSARNNSSNYNNNNGGYNGGRGGGSFFSNNRRGGYGNGGFFGGNNGGSRSNGRSGGRWIDGKHVPAPRNEKAEIAIFGVPEDPNFQSSGINFDNYDDIPVDASGKDVPEPITEFTSPPLDGLLLENIKLARFTKPTPVQKYSVPIVANGRDLMACAQTGSGKTGGFLFPVLSESFKTGPSPQPESQGSFYQRKAYPTAVIMAPTRELATQIFDEAKKFTYRSWVKACVVYGGSPIGNQLREIERGCDLLVATPGRLNDLLERGKISLANVKYLVLDEADRMLDMGFEPQIRHIVEDCDMTPVGERQTLMFSATFPADIQHLARDFLSDYIFLSVGRVGSTSENITQKVLYVENQDKKSALLDLLSASTDGLTLIFVETKRMADQLTDFLIMQNFRATAIHGDRTQSERERALAAFRSGAATLLVATAVAARGLDIPNVTHVINYDLPSDVDDYVHRIGRTGRAGNTGLATAFFNSENSNIVKGLHEILTEANQEVPSFLKDALGFVANGWGNSGMPGKQGLIWSNAGKGNDYNFPGGGNDKNWNSGPGGNRDRSDGRGTRNNNGGDVDSWYNRG,0.0986927167932754,0.1601089140068904,5.240016435402305,13.829577894881146,0.1604771466612908,0.2026307144566924,0.2100285656409753,0.3834638473675893,0.1839576360987688,-0.475950394823128,0.2571113598714663,0.3481252596043979,-0.1911478034421785,-0.3947131329584317,0.230603124108979,0.076925058243869
DED1_CTD,29,600.0669538974762,MAELSEQVQNLSINDNNENGYVPPHLRGKPRSARNNSSNYNNNNGGYNGGRGGGSFFSNNRRGGYGNGGFFGGNNGGSRSNGRSGGRWIDGKHVPAPRNEKAEIAIFGVPEDPNFQSSGINFDNYDDIPVDASGKDVPEPITEFTSPPLDGLLLENIKLARFTKPTPVQKYSVPIVANGRDLMACAQTGSGKTGGFLFPVLSESFKTGPSPQPESQGSFYQRKAYPTAVIMAPTRELATQIFDEAKKFTYRSWVKACVVYGGSPIGNQLREIERGCDLLVATPGRLNDLLERGKISLANVKYLVLDEADRMLDMGFEPQIRHIVEDCDMTPVGERQTLMFSATFPADIQHLARDFLSDYIFLSVGRVGSTSENITQKVLYVENQDKKSALLDLLSASTDGLTLIFVETKRMADQLTDFLIMQNFRATAIHGDRTQSERERALAAFRSGAATLLVATAVAARGLDIPNVTHVINYDLPSDVDDYVHRIGRTGRAGNTGLATAFFNSENSNIVKGLHEILTEANQEVPSFLKDAMRNADNGQRGWGNDSGGSGKDGPVQGNEYGNDSNRNGGDGWYHCRSRGNPSTVRWPSGSWGAWGANKKGNSC,0.1007576547319,0.1721863981182415,5.2782033630917775,13.752645014359317,0.1711704724667151,0.202927638489871,0.2103131800210591,0.3821351901340989,0.1884370545938506,-0.4740669349226326,0.2521127521759199,0.3469552101426248,-0.1911079218499173,-0.3938085071548641,0.2336315323551138,0.0768765841093789
DED1_CTD,30,202.2670419216156,MAELSEQVQNLSINDNNENGYVPPHLRGKPRSARNNSSNYNNNNGGYNGGRGGGSFFSNNRRGGYGNGGFFGGNNGGSRSNGRSGGRWIDGKHVPAPRNEKAEIAIFGVPEDPNFQSSGINFDNYDDIPVDASGKDVPEPITEFTSPPLDGLLLENIKLARFTKPTPVQKYSVPIVANGRDLMACAQTGSGKTGGFLFPVLSESFKTGPSPQPESQGSFYQRKAYPTAVIMAPTRELATQIFDEAKKFTYRSWVKACVVYGGSPIGNQLREIERGCDLLVATPGRLNDLLERGKISLANVKYLVLDEADRMLDMGFEPQIRHIVEDCDMTPVGERQTLMFSATFPADIQHLARDFLSDYIFLSVGRVGSTSENITQKVLYVENQDKKSALLDLLSASTDGLTLIFVETKRMADQLTDFLIMQNFRATAIHGDRTQSERERALAAFRSGAATLLVATAVAARGLDIPNVTHVINYDLPSDVDDYVHRIGRTGRAGNTGLATAFFNSENSNIVKGLHEILTEANQEVPSFLKDAAYNEYGWGDNNVCNKRNQCDDGLSRCNVWMGPGSNDRTGSSGSSDWCPFRGRDNGPNDVDGWGCDPQGKGYS,0.1027371582269179,0.153770573447762,5.220466872987194,14.069536206170229,0.1630274294923207,0.2001667126489622,0.2112117300679742,0.3858379703085903,0.1816764899506924,-0.4749997695929587,0.2622063503266586,0.3460453586692477,-0.1906182253730099,-0.3967530016236753,0.2269369654522107,0.0766627070231441
DED1_CTD,31,717.7079939842224,MAELSEQVQNLSINDNNENGYVPPHLRGKPRSARNNSSNYNNNNGGYNGGRGGGSFFSNNRRGGYGNGGFFGGNNGGSRSNGRSGGRWIDGKHVPAPRNEKAEIAIFGVPEDPNFQSSGINFDNYDDIPVDASGKDVPEPITEFTSPPLDGLLLENIKLARFTKPTPVQKYSVPIVANGRDLMACAQTGSGKTGGFLFPVLSESFKTGPSPQPESQGSFYQRKAYPTAVIMAPTRELATQIFDEAKKFTYRSWVKACVVYGGSPIGNQLREIERGCDLLVATPGRLNDLLERGKISLANVKYLVLDEADRMLDMGFEPQIRHIVEDCDMTPVGERQTLMFSATFPADIQHLARDFLSDYIFLSVGRVGSTSENITQKVLYVENQDKKSALLDLLSASTDGLTLIFVETKRMADQLTDFLIMQNFRATAIHGDRTQSERERALAAFRSGAATLLVATAVAARGLDIPNVTHVINYDLPSDVDDYVHRIGRTGRAGNTGLATAFFNSENSNIVKGLHEILTEANQEVPSFLKDAAGFGFEGSAASFGGYSPDRNAGFTRSVVPRWDRDEHNAGSGNRSWGNTGPWSNRSNHSRGSDGSPGRNGGNT,0.1042824315875002,0.1704196831524031,5.289137489174749,13.851543750173333,0.1715518268496881,0.2032276459392578,0.2089704213940937,0.3841045308141919,0.1822456306570601,-0.4688380580572358,0.2490316692745854,0.3484783391817307,-0.1882710100849884,-0.3977075562584564,0.2291804281501208,0.0735622137421808
DED1_CTD,32,485.2806181907654,MAELSEQVQNLSINDNNENGYVPPHLRGKPRSARNNSSNYNNNNGGYNGGRGGGSFFSNNRRGGYGNGGFFGGNNGGSRSNGRSGGRWIDGKHVPAPRNEKAEIAIFGVPEDPNFQSSGINFDNYDDIPVDASGKDVPEPITEFTSPPLDGLLLENIKLARFTKPTPVQKYSVPIVANGRDLMACAQTGSGKTGGFLFPVLSESFKTGPSPQPESQGSFYQRKAYPTAVIMAPTRELATQIFDEAKKFTYRSWVKACVVYGGSPIGNQLREIERGCDLLVATPGRLNDLLERGKISLANVKYLVLDEADRMLDMGFEPQIRHIVEDCDMTPVGERQTLMFSATFPADIQHLARDFLSDYIFLSVGRVGSTSENITQKVLYVENQDKKSALLDLLSASTDGLTLIFVETKRMADQLTDFLIMQNFRATAIHGDRTQSERERALAAFRSGAATLLVATAVAARGLDIPNVTHVINYDLPSDVDDYVHRIGRTGRAGNTGLATAFFNSENSNIVKGLHEILTEANQEVPSFLKDAMRKGRDCRSKSPFSGTGMFSPGSPPGNGRDSGVWVNHRMPTPSRDRNVYGCNRRNGNYNSWGSSDSGNDYPQ,0.1003454864035749,0.1500383804278507,5.304254002313178,13.952443427946053,0.1542731231895486,0.2017657382873362,0.2105074668724087,0.3821845987566158,0.1847186494573162,-0.4763069063385119,0.2498056750448881,0.3475228349691631,-0.1888220034753237,-0.3949405816805127,0.2287691154766836,0.0763958787344435
DED1_CTD,33,456.7876689434052,MAELSEQVQNLSINDNNENGYVPPHLRGKPRSARNNSSNYNNNNGGYNGGRGGGSFFSNNRRGGYGNGGFFGGNNGGSRSNGRSGGRWIDGKHVPAPRNEKAEIAIFGVPEDPNFQSSGINFDNYDDIPVDASGKDVPEPITEFTSPPLDGLLLENIKLARFTKPTPVQKYSVPIVANGRDLMACAQTGSGKTGGFLFPVLSESFKTGPSPQPESQGSFYQRKAYPTAVIMAPTRELATQIFDEAKKFTYRSWVKACVVYGGSPIGNQLREIERGCDLLVATPGRLNDLLERGKISLANVKYLVLDEADRMLDMGFEPQIRHIVEDCDMTPVGERQTLMFSATFPADIQHLARDFLSDYIFLSVGRVGSTSENITQKVLYVENQDKKSALLDLLSASTDGLTLIFVETKRMADQLTDFLIMQNFRATAIHGDRTQSERERALAAFRSGAATLLVATAVAARGLDIPNVTHVINYDLPSDVDDYVHRIGRTGRAGNTGLATAFFNSENSNIVKGLHEILTEANQEVPSFLKDASNWVDQIYPNTDNGGREQGWHKSGGGNRPLRVPPSGCRNRNNRDTGFPAWDFGDGDVYEVDPYNGSNNGGNS,0.1113360395010864,0.1556725901457195,5.33800386893481,14.13313146212205,0.1576755126415983,0.1993548492154652,0.2100758330401577,0.3781706390746506,0.1847525271416723,-0.4744126532881225,0.2481678464032516,0.3474083352570212,-0.1900729429221289,-0.3955991568552645,0.2303657956813457,0.0751146480827424
DED1_CTD,34,554.2257311344147,MAELSEQVQNLSINDNNENGYVPPHLRGKPRSARNNSSNYNNNNGGYNGGRGGGSFFSNNRRGGYGNGGFFGGNNGGSRSNGRSGGRWIDGKHVPAPRNEKAEIAIFGVPEDPNFQSSGINFDNYDDIPVDASGKDVPEPITEFTSPPLDGLLLENIKLARFTKPTPVQKYSVPIVANGRDLMACAQTGSGKTGGFLFPVLSESFKTGPSPQPESQGSFYQRKAYPTAVIMAPTRELATQIFDEAKKFTYRSWVKACVVYGGSPIGNQLREIERGCDLLVATPGRLNDLLERGKISLANVKYLVLDEADRMLDMGFEPQIRHIVEDCDMTPVGERQTLMFSATFPADIQHLARDFLSDYIFLSVGRVGSTSENITQKVLYVENQDKKSALLDLLSASTDGLTLIFVETKRMADQLTDFLIMQNFRATAIHGDRTQSERERALAAFRSGAATLLVATAVAARGLDIPNVTHVINYDLPSDVDDYVHRIGRTGRAGNTGLATAFFNSENSNIVKGLHEILTEANQEVPSFLKDAGRMRGHQNDGGDRFWYWGTSPRHQRGHRWEGGSGSPSNNSDPGVSSNAKSVNDSGGFCDCWSSDGGSDMPRG,0.10499764730485,0.1613180099696356,5.223005383902448,13.89076104614194,0.1682790791266269,0.2023383366533514,0.2102788351731258,0.3833190319713898,0.1843357197831521,-0.4755296757670283,0.2557261028097792,0.3479232864344342,-0.192618969010212,-0.391538563439649,0.2264660128740105,0.0753538252968737
DED1_CTD,35,815.3814752101898,MAELSEQVQNLSINDNNENGYVPPHLRGKPRSARNNSSNYNNNNGGYNGGRGGGSFFSNNRRGGYGNGGFFGGNNGGSRSNGRSGGRWIDGKHVPAPRNEKAEIAIFGVPEDPNFQSSGINFDNYDDIPVDASGKDVPEPITEFTSPPLDGLLLENIKLARFTKPTPVQKYSVPIVANGRDLMACAQTGSGKTGGFLFPVLSESFKTGPSPQPESQGSFYQRKAYPTAVIMAPTRELATQIFDEAKKFTYRSWVKACVVYGGSPIGNQLREIERGCDLLVATPGRLNDLLERGKISLANVKYLVLDEADRMLDMGFEPQIRHIVEDCDMTPVGERQTLMFSATFPADIQHLARDFLSDYIFLSVGRVGSTSENITQKVLYVENQDKKSALLDLLSASTDGLTLIFVETKRMADQLTDFLIMQNFRATAIHGDRTQSERERALAAFRSGAATLLVATAVAARGLDIPNVTHVINYDLPSDVDDYVHRIGRTGRAGNTGLATAFFNSENSNIVKGLHEILTEANQEVPSFLKDAQRGWQTRNEKGGVDGYSNNTPNTNSGSFCSYDNGSGNDYTSGSSNGPSEHRDRCGWGDRPVACWKFRPRGGG,0.1041975224215356,0.1596254795717588,5.280046909476304,13.927128208211949,0.1711037282708056,0.203877931012619,0.2107129107672485,0.3800786502645107,0.1854380225945328,-0.4716441144743608,0.2546998297543887,0.3493491577190344,-0.1903595429443983,-0.394139489981388,0.2326466793712276,0.0763367312047105
DED1_CTD,36,423.7969169616699,MAELSEQVQNLSINDNNENGYVPPHLRGKPRSARNNSSNYNNNNGGYNGGRGGGSFFSNNRRGGYGNGGFFGGNNGGSRSNGRSGGRWIDGKHVPAPRNEKAEIAIFGVPEDPNFQSSGINFDNYDDIPVDASGKDVPEPITEFTSPPLDGLLLENIKLARFTKPTPVQKYSVPIVANGRDLMACAQTGSGKTGGFLFPVLSESFKTGPSPQPESQGSFYQRKAYPTAVIMAPTRELATQIFDEAKKFTYRSWVKACVVYGGSPIGNQLREIERGCDLLVATPGRLNDLLERGKISLANVKYLVLDEADRMLDMGFEPQIRHIVEDCDMTPVGERQTLMFSATFPADIQHLARDFLSDYIFLSVGRVGSTSENITQKVLYVENQDKKSALLDLLSASTDGLTLIFVETKRMADQLTDFLIMQNFRATAIHGDRTQSERERALAAFRSGAATLLVATAVAARGLDIPNVTHVINYDLPSDVDDYVHRIGRTGRAGNTGLATAFFNSENSNIVKGLHEILTEANQEVPSFLKDAMRGNDYIRWKSNGMNGFDIDNGPNGSGTRSGGKDRYFPVNSEFGWGPNSSNGNNTDYPRGRGRGMNDKQGNC,0.1062915805991154,0.1545262014694365,5.322952897504392,13.808608269322528,0.1630319334030274,0.2021257229143623,0.2096194752263393,0.3833218128049284,0.1826672869141022,-0.47973362962893,0.2517399748287237,0.3482802172712337,-0.1926640018205395,-0.3952594083186178,0.2245030654451763,0.0760506567684873
DED1_CTD,37,642.1393268108368,MAELSEQVQNLSINDNNENGYVPPHLRGKPRSARNNSSNYNNNNGGYNGGRGGGSFFSNNRRGGYGNGGFFGGNNGGSRSNGRSGGRWIDGKHVPAPRNEKAEIAIFGVPEDPNFQSSGINFDNYDDIPVDASGKDVPEPITEFTSPPLDGLLLENIKLARFTKPTPVQKYSVPIVANGRDLMACAQTGSGKTGGFLFPVLSESFKTGPSPQPESQGSFYQRKAYPTAVIMAPTRELATQIFDEAKKFTYRSWVKACVVYGGSPIGNQLREIERGCDLLVATPGRLNDLLERGKISLANVKYLVLDEADRMLDMGFEPQIRHIVEDCDMTPVGERQTLMFSATFPADIQHLARDFLSDYIFLSVGRVGSTSENITQKVLYVENQDKKSALLDLLSASTDGLTLIFVETKRMADQLTDFLIMQNFRATAIHGDRTQSERERALAAFRSGAATLLVATAVAARGLDIPNVTHVINYDLPSDVDDYVHRIGRTGRAGNTGLATAFFNSENSNIVKGLHEILTEANQEVPSFLKDAQGRNVAYTRGMVYNGCDSSSPRPDGWDSTNWYSNRGGNNDEGSRDTGGKPGGSWTPWSDGGLNRQNGGRMPD,0.1012179800659855,0.1591082412264221,5.2762662769403095,13.787604212411528,0.1565410144547807,0.2047418855605113,0.2104113619962977,0.3826055745156267,0.1830063945605249,-0.4768454665335803,0.2591096390550352,0.3474625968812546,-0.1872841523465503,-0.3943955693995908,0.2277618986643043,0.0769506632664222
DED1_CTD,38,586.516047000885,MAELSEQVQNLSINDNNENGYVPPHLRGKPRSARNNSSNYNNNNGGYNGGRGGGSFFSNNRRGGYGNGGFFGGNNGGSRSNGRSGGRWIDGKHVPAPRNEKAEIAIFGVPEDPNFQSSGINFDNYDDIPVDASGKDVPEPITEFTSPPLDGLLLENIKLARFTKPTPVQKYSVPIVANGRDLMACAQTGSGKTGGFLFPVLSESFKTGPSPQPESQGSFYQRKAYPTAVIMAPTRELATQIFDEAKKFTYRSWVKACVVYGGSPIGNQLREIERGCDLLVATPGRLNDLLERGKISLANVKYLVLDEADRMLDMGFEPQIRHIVEDCDMTPVGERQTLMFSATFPADIQHLARDFLSDYIFLSVGRVGSTSENITQKVLYVENQDKKSALLDLLSASTDGLTLIFVETKRMADQLTDFLIMQNFRATAIHGDRTQSERERALAAFRSGAATLLVATAVAARGLDIPNVTHVINYDLPSDVDDYVHRIGRTGRAGNTGLATAFFNSENSNIVKGLHEILTEANQEVPSFLKDAADYNFQGRRARGSMSWDGSPSPGNEPRNCWMRSNNPGGSDGGNRDYGQTGGFPNSWGCDVSIFGGSDNNRGG,0.1037043826528836,0.1598518382068334,5.167382288982909,13.837749529214948,0.1625940760754671,0.2021281060939352,0.2095449065448558,0.383513294337839,0.1847903119131335,-0.4738057178674163,0.2507763794852098,0.3495868097505057,-0.193862402063153,-0.3937866695877256,0.2237000400968517,0.0770680562693871
DED1_CTD,39,548.1817729473114,MAELSEQVQNLSINDNNENGYVPPHLRGKPRSARNNSSNYNNNNGGYNGGRGGGSFFSNNRRGGYGNGGFFGGNNGGSRSNGRSGGRWIDGKHVPAPRNEKAEIAIFGVPEDPNFQSSGINFDNYDDIPVDASGKDVPEPITEFTSPPLDGLLLENIKLARFTKPTPVQKYSVPIVANGRDLMACAQTGSGKTGGFLFPVLSESFKTGPSPQPESQGSFYQRKAYPTAVIMAPTRELATQIFDEAKKFTYRSWVKACVVYGGSPIGNQLREIERGCDLLVATPGRLNDLLERGKISLANVKYLVLDEADRMLDMGFEPQIRHIVEDCDMTPVGERQTLMFSATFPADIQHLARDFLSDYIFLSVGRVGSTSENITQKVLYVENQDKKSALLDLLSASTDGLTLIFVETKRMADQLTDFLIMQNFRATAIHGDRTQSERERALAAFRSGAATLLVATAVAARGLDIPNVTHVINYDLPSDVDDYVHRIGRTGRAGNTGLATAFFNSENSNIVKGLHEILTEANQEVPSFLKDACPNYYRNDYKRSKGSYGSEGRVQDNGCDTWMGNDGGPENSWRNDSSPMRNDSMTNAGNGGWGPSGGGWGDSG,0.0977672762228713,0.1612225012507579,5.232193928376269,13.83761303790708,0.179279869596155,0.202043888190701,0.2103436756054961,0.3821733859767362,0.1827353521696694,-0.4673130991315407,0.2585389856425228,0.3478623210457293,-0.1925152076978294,-0.3966316136513266,0.2282333429458065,0.0755752230586715
DED1_CTD,40,371.040078163147,MAELSEQVQNLSINDNNENGYVPPHLRGKPRSARNNSSNYNNNNGGYNGGRGGGSFFSNNRRGGYGNGGFFGGNNGGSRSNGRSGGRWIDGKHVPAPRNEKAEIAIFGVPEDPNFQSSGINFDNYDDIPVDASGKDVPEPITEFTSPPLDGLLLENIKLARFTKPTPVQKYSVPIVANGRDLMACAQTGSGKTGGFLFPVLSESFKTGPSPQPESQGSFYQRKAYPTAVIMAPTRELATQIFDEAKKFTYRSWVKACVVYGGSPIGNQLREIERGCDLLVATPGRLNDLLERGKISLANVKYLVLDEADRMLDMGFEPQIRHIVEDCDMTPVGERQTLMFSATFPADIQHLARDFLSDYIFLSVGRVGSTSENITQKVLYVENQDKKSALLDLLSASTDGLTLIFVETKRMADQLTDFLIMQNFRATAIHGDRTQSERERALAAFRSGAATLLVATAVAARGLDIPNVTHVINYDLPSDVDDYVHRIGRTGRAGNTGLATAFFNSENSNIVKGLHEILTEANQEVPSFLKDACNDAGSTNYAQNNSNFGDGGPGGNRSGNRRGDRDGLWYGPTSGYNIWGRNPMWFDEGDTGSGGGDQNAKCDF,0.1022291164560466,0.1639510463622927,5.255432168173992,13.953044090693654,0.1760591768579172,0.2023433669911958,0.2103067625848664,0.3820390536090702,0.1829844176490778,-0.4739143508622282,0.2564260325723627,0.3475134057393435,-0.1889168325383758,-0.392807633292927,0.2333226486644628,0.0772686935507967
DED1_CTD,41,629.7188651561737,MAELSEQVQNLSINDNNENGYVPPHLRGKPRSARNNSSNYNNNNGGYNGGRGGGSFFSNNRRGGYGNGGFFGGNNGGSRSNGRSGGRWIDGKHVPAPRNEKAEIAIFGVPEDPNFQSSGINFDNYDDIPVDASGKDVPEPITEFTSPPLDGLLLENIKLARFTKPTPVQKYSVPIVANGRDLMACAQTGSGKTGGFLFPVLSESFKTGPSPQPESQGSFYQRKAYPTAVIMAPTRELATQIFDEAKKFTYRSWVKACVVYGGSPIGNQLREIERGCDLLVATPGRLNDLLERGKISLANVKYLVLDEADRMLDMGFEPQIRHIVEDCDMTPVGERQTLMFSATFPADIQHLARDFLSDYIFLSVGRVGSTSENITQKVLYVENQDKKSALLDLLSASTDGLTLIFVETKRMADQLTDFLIMQNFRATAIHGDRTQSERERALAAFRSGAATLLVATAVAARGLDIPNVTHVINYDLPSDVDDYVHRIGRTGRAGNTGLATAFFNSENSNIVKGLHEILTEANQEVPSFLKDAARRSSNGWDIFPRRNYCHGSSSGDRASTSNSNDRGDARGSGFQWCDSGFSRSSSGCPGYPGGSDRGWPNANV,0.099764653167822,0.1668604002378118,5.299468244185997,13.911895203763534,0.1726721046875811,0.2001428773998533,0.2100802891904025,0.3845818517259132,0.1854495493500023,-0.4769271410709402,0.2590677719925071,0.3470045113893932,-0.1927806388600476,-0.395561851640977,0.228154907417936,0.0759028848651353
DED1_CTD,42,546.1678242683411,MAELSEQVQNLSINDNNENGYVPPHLRGKPRSARNNSSNYNNNNGGYNGGRGGGSFFSNNRRGGYGNGGFFGGNNGGSRSNGRSGGRWIDGKHVPAPRNEKAEIAIFGVPEDPNFQSSGINFDNYDDIPVDASGKDVPEPITEFTSPPLDGLLLENIKLARFTKPTPVQKYSVPIVANGRDLMACAQTGSGKTGGFLFPVLSESFKTGPSPQPESQGSFYQRKAYPTAVIMAPTRELATQIFDEAKKFTYRSWVKACVVYGGSPIGNQLREIERGCDLLVATPGRLNDLLERGKISLANVKYLVLDEADRMLDMGFEPQIRHIVEDCDMTPVGERQTLMFSATFPADIQHLARDFLSDYIFLSVGRVGSTSENITQKVLYVENQDKKSALLDLLSASTDGLTLIFVETKRMADQLTDFLIMQNFRATAIHGDRTQSERERALAAFRSGAATLLVATAVAARGLDIPNVTHVINYDLPSDVDDYVHRIGRTGRAGNTGLATAFFNSENSNIVKGLHEILTEANQEVPSFLKDAFGSMPYQTRPSWTRGPRGSSRWSGYSNKARNRIIDGWGVKSDTSNDPSPGNRGNVSNGDPCGSWMGDRNGRG,0.0889559209425425,0.150516995674215,5.3128283059244605,13.91069287926304,0.1638326594375027,0.2016253624264096,0.2106553505702799,0.3847136304280985,0.1795474792727843,-0.4758033505400296,0.2534723548468159,0.346442779635818,-0.192354141344881,-0.3938810688810361,0.2292802495857899,0.076345391626091
DED1_CTD,43,401.5930817127228,MAELSEQVQNLSINDNNENGYVPPHLRGKPRSARNNSSNYNNNNGGYNGGRGGGSFFSNNRRGGYGNGGFFGGNNGGSRSNGRSGGRWIDGKHVPAPRNEKAEIAIFGVPEDPNFQSSGINFDNYDDIPVDASGKDVPEPITEFTSPPLDGLLLENIKLARFTKPTPVQKYSVPIVANGRDLMACAQTGSGKTGGFLFPVLSESFKTGPSPQPESQGSFYQRKAYPTAVIMAPTRELATQIFDEAKKFTYRSWVKACVVYGGSPIGNQLREIERGCDLLVATPGRLNDLLERGKISLANVKYLVLDEADRMLDMGFEPQIRHIVEDCDMTPVGERQTLMFSATFPADIQHLARDFLSDYIFLSVGRVGSTSENITQKVLYVENQDKKSALLDLLSASTDGLTLIFVETKRMADQLTDFLIMQNFRATAIHGDRTQSERERALAAFRSGAATLLVATAVAARGLDIPNVTHVINYDLPSDVDDYVHRIGRTGRAGNTGLATAFFNSENSNIVKGLHEILTEANQEVPSFLKDAGRSRGQGENNTGGSPGYNTMSNTKNWYYAGSDNGPNDNANGGTKKVPADSGNSYRTFRARPGGGDRWSPDYM,0.0972876559053861,0.1505931035935948,5.321118370822256,13.87109052097302,0.1770910402137214,0.2020537761487369,0.2097335962707179,0.3827029415591471,0.1833609803907446,-0.4734305632073309,0.2526646392661899,0.345910209189968,-0.1910141691314436,-0.393580852750578,0.2260674131588645,0.0766889539141739
DED1_CTD,44,531.4843499660492,MAELSEQVQNLSINDNNENGYVPPHLRGKPRSARNNSSNYNNNNGGYNGGRGGGSFFSNNRRGGYGNGGFFGGNNGGSRSNGRSGGRWIDGKHVPAPRNEKAEIAIFGVPEDPNFQSSGINFDNYDDIPVDASGKDVPEPITEFTSPPLDGLLLENIKLARFTKPTPVQKYSVPIVANGRDLMACAQTGSGKTGGFLFPVLSESFKTGPSPQPESQGSFYQRKAYPTAVIMAPTRELATQIFDEAKKFTYRSWVKACVVYGGSPIGNQLREIERGCDLLVATPGRLNDLLERGKISLANVKYLVLDEADRMLDMGFEPQIRHIVEDCDMTPVGERQTLMFSATFPADIQHLARDFLSDYIFLSVGRVGSTSENITQKVLYVENQDKKSALLDLLSASTDGLTLIFVETKRMADQLTDFLIMQNFRATAIHGDRTQSERERALAAFRSGAATLLVATAVAARGLDIPNVTHVINYDLPSDVDDYVHRIGRTGRAGNTGLATAFFNSENSNIVKGLHEILTEANQEVPSFLKDAMRNQGRGNRGDGGNKWNNGTDGYTRDPPKVQFNMGSQEYGTGWCDIPPGQDGGYPNNDCTRPYRVRTNGMSC,0.101832126453468,0.1543506849465798,5.347789765133553,13.942140610628137,0.1457062423968922,0.2041947427425934,0.2105972937644011,0.3849229426119001,0.1818480041677677,-0.4748327044274044,0.2480324495904312,0.3482011171325275,-0.1873786912106761,-0.3936251632650394,0.2286442594577518,0.0771899231941572
DED1_CTD,45,431.59038829803467,MAELSEQVQNLSINDNNENGYVPPHLRGKPRSARNNSSNYNNNNGGYNGGRGGGSFFSNNRRGGYGNGGFFGGNNGGSRSNGRSGGRWIDGKHVPAPRNEKAEIAIFGVPEDPNFQSSGINFDNYDDIPVDASGKDVPEPITEFTSPPLDGLLLENIKLARFTKPTPVQKYSVPIVANGRDLMACAQTGSGKTGGFLFPVLSESFKTGPSPQPESQGSFYQRKAYPTAVIMAPTRELATQIFDEAKKFTYRSWVKACVVYGGSPIGNQLREIERGCDLLVATPGRLNDLLERGKISLANVKYLVLDEADRMLDMGFEPQIRHIVEDCDMTPVGERQTLMFSATFPADIQHLARDFLSDYIFLSVGRVGSTSENITQKVLYVENQDKKSALLDLLSASTDGLTLIFVETKRMADQLTDFLIMQNFRATAIHGDRTQSERERALAAFRSGAATLLVATAVAARGLDIPNVTHVINYDLPSDVDDYVHRIGRTGRAGNTGLATAFFNSENSNIVKGLHEILTEANQEVPSFLKDAYKNGADNTGGSGNWEFGDMPSYYRMRMCWTGGTSCNRDNKSTMQGGNDGWGDDGPPSGRNWGPGNRRNDKGG,0.0981323240794179,0.1554630415492446,5.250099466053138,13.738356848808406,0.1658691570064125,0.1995563656651967,0.2099233184657194,0.3833648274162769,0.1817652787498019,-0.4725640656848409,0.25051654578982,0.3482676534832886,-0.1874861476419549,-0.3936861681514623,0.2279181011572441,0.0752787568931798
DED1_CTD,46,379.28681802749634,MAELSEQVQNLSINDNNENGYVPPHLRGKPRSARNNSSNYNNNNGGYNGGRGGGSFFSNNRRGGYGNGGFFGGNNGGSRSNGRSGGRWIDGKHVPAPRNEKAEIAIFGVPEDPNFQSSGINFDNYDDIPVDASGKDVPEPITEFTSPPLDGLLLENIKLARFTKPTPVQKYSVPIVANGRDLMACAQTGSGKTGGFLFPVLSESFKTGPSPQPESQGSFYQRKAYPTAVIMAPTRELATQIFDEAKKFTYRSWVKACVVYGGSPIGNQLREIERGCDLLVATPGRLNDLLERGKISLANVKYLVLDEADRMLDMGFEPQIRHIVEDCDMTPVGERQTLMFSATFPADIQHLARDFLSDYIFLSVGRVGSTSENITQKVLYVENQDKKSALLDLLSASTDGLTLIFVETKRMADQLTDFLIMQNFRATAIHGDRTQSERERALAAFRSGAATLLVATAVAARGLDIPNVTHVINYDLPSDVDDYVHRIGRTGRAGNTGLATAFFNSENSNIVKGLHEILTEANQEVPSFLKDAMDKGNGYWYDTGDNNWTAPHNRNSARGRNGQVGKVPYQYGQSDTHNDRASGGKTGWPDYGSSGSSSGGRLSC,0.1042425603401995,0.1588107968970664,5.359784636625283,13.921036931684691,0.1813673107738937,0.2059358475848818,0.2100721350753135,0.3800672724657977,0.1795717279418806,-0.478247740259928,0.2510472388664445,0.3484949932950196,-0.1927942937508014,-0.3900567713470133,0.2302714254373208,0.0758038707932363
DED1_CTD,47,378.08460116386414,MAELSEQVQNLSINDNNENGYVPPHLRGKPRSARNNSSNYNNNNGGYNGGRGGGSFFSNNRRGGYGNGGFFGGNNGGSRSNGRSGGRWIDGKHVPAPRNEKAEIAIFGVPEDPNFQSSGINFDNYDDIPVDASGKDVPEPITEFTSPPLDGLLLENIKLARFTKPTPVQKYSVPIVANGRDLMACAQTGSGKTGGFLFPVLSESFKTGPSPQPESQGSFYQRKAYPTAVIMAPTRELATQIFDEAKKFTYRSWVKACVVYGGSPIGNQLREIERGCDLLVATPGRLNDLLERGKISLANVKYLVLDEADRMLDMGFEPQIRHIVEDCDMTPVGERQTLMFSATFPADIQHLARDFLSDYIFLSVGRVGSTSENITQKVLYVENQDKKSALLDLLSASTDGLTLIFVETKRMADQLTDFLIMQNFRATAIHGDRTQSERERALAAFRSGAATLLVATAVAARGLDIPNVTHVINYDLPSDVDDYVHRIGRTGRAGNTGLATAFFNSENSNIVKGLHEILTEANQEVPSFLKDAGNNEDYPPRGNRGGRQTYGWNRSGYVPDSGDVAVKRGMDSNEYGPGDWWGSGDNEYRAGPQNSGGDGQNNML,0.1146305295276062,0.1585761182165641,5.344175567491924,13.98017497086714,0.1648462974173401,0.2037687297523159,0.2101034606217314,0.3812696732269662,0.1814980664301583,-0.4761840341543474,0.2536443666306853,0.3453691813657241,-0.1888646878352773,-0.392607623462067,0.2308004200156787,0.07675679743139
DED1_CTD,48,439.7612121105194,MAELSEQVQNLSINDNNENGYVPPHLRGKPRSARNNSSNYNNNNGGYNGGRGGGSFFSNNRRGGYGNGGFFGGNNGGSRSNGRSGGRWIDGKHVPAPRNEKAEIAIFGVPEDPNFQSSGINFDNYDDIPVDASGKDVPEPITEFTSPPLDGLLLENIKLARFTKPTPVQKYSVPIVANGRDLMACAQTGSGKTGGFLFPVLSESFKTGPSPQPESQGSFYQRKAYPTAVIMAPTRELATQIFDEAKKFTYRSWVKACVVYGGSPIGNQLREIERGCDLLVATPGRLNDLLERGKISLANVKYLVLDEADRMLDMGFEPQIRHIVEDCDMTPVGERQTLMFSATFPADIQHLARDFLSDYIFLSVGRVGSTSENITQKVLYVENQDKKSALLDLLSASTDGLTLIFVETKRMADQLTDFLIMQNFRATAIHGDRTQSERERALAAFRSGAATLLVATAVAARGLDIPNVTHVINYDLPSDVDDYVHRIGRTGRAGNTGLATAFFNSENSNIVKGLHEILTEANQEVPSFLKDAATNCHRSSNKDSSGRGQRGSNGGGMRGFPGTRLNRKDRPWRKPVAGFNTWSAGPYSYWSGGDNNCNNDGADY,0.0976333565363463,0.1567577080083921,5.297515852954394,13.900947413889952,0.1675204919820472,0.2008936600523952,0.2086453600159305,0.3833680325575933,0.1836049674229733,-0.4764917766596399,0.2554737507029078,0.346866086359852,-0.189663526468694,-0.3954323499997583,0.2293176290773845,0.0751946173951
DED1_CTD,49,622.6593480110168,MAELSEQVQNLSINDNNENGYVPPHLRGKPRSARNNSSNYNNNNGGYNGGRGGGSFFSNNRRGGYGNGGFFGGNNGGSRSNGRSGGRWIDGKHVPAPRNEKAEIAIFGVPEDPNFQSSGINFDNYDDIPVDASGKDVPEPITEFTSPPLDGLLLENIKLARFTKPTPVQKYSVPIVANGRDLMACAQTGSGKTGGFLFPVLSESFKTGPSPQPESQGSFYQRKAYPTAVIMAPTRELATQIFDEAKKFTYRSWVKACVVYGGSPIGNQLREIERGCDLLVATPGRLNDLLERGKISLANVKYLVLDEADRMLDMGFEPQIRHIVEDCDMTPVGERQTLMFSATFPADIQHLARDFLSDYIFLSVGRVGSTSENITQKVLYVENQDKKSALLDLLSASTDGLTLIFVETKRMADQLTDFLIMQNFRATAIHGDRTQSERERALAAFRSGAATLLVATAVAARGLDIPNVTHVINYDLPSDVDDYVHRIGRTGRAGNTGLATAFFNSENSNIVKGLHEILTEANQEVPSFLKDAMNAGNGQSFGNGPRGDKGNKSNRSGGTNGTDWGCHNRGPGNSMIYWRPDYVYEYDVAYPRRNDAPGGGNNDQ,0.1071739302140313,0.1567626890942437,5.314389467222967,13.94906599744278,0.1612542581123446,0.2048610534996462,0.208537940782488,0.3823731100365395,0.1823293468219056,-0.4709323358839888,0.2380168503299355,0.3485696966406975,-0.1863001130138323,-0.3953063182246478,0.2321101191898713,0.0737095623269892
DED1_CTD,50,363.8269109725952,MAELSEQVQNLSINDNNENGYVPPHLRGKPRSARNNSSNYNNNNGGYNGGRGGGSFFSNNRRGGYGNGGFFGGNNGGSRSNGRSGGRWIDGKHVPAPRNEKAEIAIFGVPEDPNFQSSGINFDNYDDIPVDASGKDVPEPITEFTSPPLDGLLLENIKLARFTKPTPVQKYSVPIVANGRDLMACAQTGSGKTGGFLFPVLSESFKTGPSPQPESQGSFYQRKAYPTAVIMAPTRELATQIFDEAKKFTYRSWVKACVVYGGSPIGNQLREIERGCDLLVATPGRLNDLLERGKISLANVKYLVLDEADRMLDMGFEPQIRHIVEDCDMTPVGERQTLMFSATFPADIQHLARDFLSDYIFLSVGRVGSTSENITQKVLYVENQDKKSALLDLLSASTDGLTLIFVETKRMADQLTDFLIMQNFRATAIHGDRTQSERERALAAFRSGAATLLVATAVAARGLDIPNVTHVINYDLPSDVDDYVHRIGRTGRAGNTGLATAFFNSENSNIVKGLHEILTEANQEVPSFLKDARGNRNAEFPGRSSNNGKSGNNGNNGRADGQLDYYYNSRGSDSYGEYGTGGDFWRGDSSPMNGSETRAGWPGI,0.1051531523870104,0.157528376763036,5.301768693226659,13.927230840366397,0.1726037199633426,0.2029062334594732,0.2106534310053891,0.3811464967583092,0.1835733010509928,-0.4787356080011282,0.2581976268238982,0.3477476863943868,-0.1922397362498034,-0.3940414481739986,0.2303457215576052,0.0765691835295661
DED1_CTD,51,986.5439648628236,MAELSEQVQNLSINDNNENGYVPPHLRGKPRSARNNSSNYNNNNGGYNGGRGGGSFFSNNRRGGYGNGGFFGGNNGGSRSNGRSGGRWIDGKHVPAPRNEKAEIAIFGVPEDPNFQSSGINFDNYDDIPVDASGKDVPEPITEFTSPPLDGLLLENIKLARFTKPTPVQKYSVPIVANGRDLMACAQTGSGKTGGFLFPVLSESFKTGPSPQPESQGSFYQRKAYPTAVIMAPTRELATQIFDEAKKFTYRSWVKACVVYGGSPIGNQLREIERGCDLLVATPGRLNDLLERGKISLANVKYLVLDEADRMLDMGFEPQIRHIVEDCDMTPVGERQTLMFSATFPADIQHLARDFLSDYIFLSVGRVGSTSENITQKVLYVENQDKKSALLDLLSASTDGLTLIFVETKRMADQLTDFLIMQNFRATAIHGDRTQSERERALAAFRSGAATLLVATAVAARGLDIPNVTHVINYDLPSDVDDYVHRIGRTGRAGNTGLATAFFNSENSNIVKGLHEILTEANQEVPSFLKDACNRNGNGGGRGGKRVNYSGGSFKGGYNSLDSPNSNHMDYSPNGKRGVPGSWGGSDNMDSDFRWGRSHINRWG,0.1076379830982829,0.1617325802272426,5.269257683356236,13.850101322950586,0.169971961338126,0.2022133920976164,0.2100547379806993,0.3814875484829925,0.1845302059214474,-0.4774229110618861,0.2492521843292022,0.349167516091582,-0.1920594398409736,-0.3942814989538581,0.2272856096982403,0.0763985888037783
DED1_CTD,52,685.0672409534454,MAELSEQVQNLSINDNNENGYVPPHLRGKPRSARNNSSNYNNNNGGYNGGRGGGSFFSNNRRGGYGNGGFFGGNNGGSRSNGRSGGRWIDGKHVPAPRNEKAEIAIFGVPEDPNFQSSGINFDNYDDIPVDASGKDVPEPITEFTSPPLDGLLLENIKLARFTKPTPVQKYSVPIVANGRDLMACAQTGSGKTGGFLFPVLSESFKTGPSPQPESQGSFYQRKAYPTAVIMAPTRELATQIFDEAKKFTYRSWVKACVVYGGSPIGNQLREIERGCDLLVATPGRLNDLLERGKISLANVKYLVLDEADRMLDMGFEPQIRHIVEDCDMTPVGERQTLMFSATFPADIQHLARDFLSDYIFLSVGRVGSTSENITQKVLYVENQDKKSALLDLLSASTDGLTLIFVETKRMADQLTDFLIMQNFRATAIHGDRTQSERERALAAFRSGAATLLVATAVAARGLDIPNVTHVINYDLPSDVDDYVHRIGRTGRAGNTGLATAFFNSENSNIVKGLHEILTEANQEVPSFLKDAEGPDYWSSDKGGEYESENYNSAGNGGRDWYTARSRWNWPSVNNDGSNRSNGGGNDGVGCDRKNSGGEGPPGG,0.1050256185562874,0.1556803499709026,5.283419097387965,13.801599906077293,0.1761770991563436,0.2035975948626597,0.2099358859794631,0.3820013196894814,0.1831672779428072,-0.4757546405931471,0.2596224343279775,0.3462608382537165,-0.1914432498448614,-0.3963168446853494,0.2298828756481948,0.0768925928158576
DED1_CTD,53,709.0477168560028,MAELSEQVQNLSINDNNENGYVPPHLRGKPRSARNNSSNYNNNNGGYNGGRGGGSFFSNNRRGGYGNGGFFGGNNGGSRSNGRSGGRWIDGKHVPAPRNEKAEIAIFGVPEDPNFQSSGINFDNYDDIPVDASGKDVPEPITEFTSPPLDGLLLENIKLARFTKPTPVQKYSVPIVANGRDLMACAQTGSGKTGGFLFPVLSESFKTGPSPQPESQGSFYQRKAYPTAVIMAPTRELATQIFDEAKKFTYRSWVKACVVYGGSPIGNQLREIERGCDLLVATPGRLNDLLERGKISLANVKYLVLDEADRMLDMGFEPQIRHIVEDCDMTPVGERQTLMFSATFPADIQHLARDFLSDYIFLSVGRVGSTSENITQKVLYVENQDKKSALLDLLSASTDGLTLIFVETKRMADQLTDFLIMQNFRATAIHGDRTQSERERALAAFRSGAATLLVATAVAARGLDIPNVTHVINYDLPSDVDDYVHRIGRTGRAGNTGLATAFFNSENSNIVKGLHEILTEANQEVPSFLKDAAFHWENNWMPGGGETKSYADGGRRRTQNSPGGDGSSFSGTNDRSRFPRKRVPGNTGAGTDCWFNDSNNMPNT,0.1041960564701227,0.1502968309495933,5.294097821547584,13.9096625683805,0.1705531248535456,0.2030314436992029,0.2102721650312403,0.3830097714421895,0.1863980174245178,-0.4793751261485718,0.2492375930452059,0.3456593979791768,-0.190448458210463,-0.3974240934281514,0.2275305120529044,0.0751284832846171
DED1_CTD,54,575.9100971221924,MAELSEQVQNLSINDNNENGYVPPHLRGKPRSARNNSSNYNNNNGGYNGGRGGGSFFSNNRRGGYGNGGFFGGNNGGSRSNGRSGGRWIDGKHVPAPRNEKAEIAIFGVPEDPNFQSSGINFDNYDDIPVDASGKDVPEPITEFTSPPLDGLLLENIKLARFTKPTPVQKYSVPIVANGRDLMACAQTGSGKTGGFLFPVLSESFKTGPSPQPESQGSFYQRKAYPTAVIMAPTRELATQIFDEAKKFTYRSWVKACVVYGGSPIGNQLREIERGCDLLVATPGRLNDLLERGKISLANVKYLVLDEADRMLDMGFEPQIRHIVEDCDMTPVGERQTLMFSATFPADIQHLARDFLSDYIFLSVGRVGSTSENITQKVLYVENQDKKSALLDLLSASTDGLTLIFVETKRMADQLTDFLIMQNFRATAIHGDRTQSERERALAAFRSGAATLLVATAVAARGLDIPNVTHVINYDLPSDVDDYVHRIGRTGRAGNTGLATAFFNSENSNIVKGLHEILTEANQEVPSFLKDAGSNSNYGSARSGTSPWTSSGRGREHGRDWCWWSDHLDNSPVGNRRGENFSCGGGSSVNCPSGGDRWSKDGRM,0.0967515002116937,0.1631907713392459,5.226974243732823,13.90709040856941,0.1727600291541166,0.2005901463402088,0.2110339966673027,0.3814839925178062,0.1838430550764339,-0.47195303694314,0.2525123924634657,0.3468016861997363,-0.1866204222369289,-0.3940135115427006,0.2307158238540945,0.0747738139335157
DED1_CTD,55,300.4387619495392,MAELSEQVQNLSINDNNENGYVPPHLRGKPRSARNNSSNYNNNNGGYNGGRGGGSFFSNNRRGGYGNGGFFGGNNGGSRSNGRSGGRWIDGKHVPAPRNEKAEIAIFGVPEDPNFQSSGINFDNYDDIPVDASGKDVPEPITEFTSPPLDGLLLENIKLARFTKPTPVQKYSVPIVANGRDLMACAQTGSGKTGGFLFPVLSESFKTGPSPQPESQGSFYQRKAYPTAVIMAPTRELATQIFDEAKKFTYRSWVKACVVYGGSPIGNQLREIERGCDLLVATPGRLNDLLERGKISLANVKYLVLDEADRMLDMGFEPQIRHIVEDCDMTPVGERQTLMFSATFPADIQHLARDFLSDYIFLSVGRVGSTSENITQKVLYVENQDKKSALLDLLSASTDGLTLIFVETKRMADQLTDFLIMQNFRATAIHGDRTQSERERALAAFRSGAATLLVATAVAARGLDIPNVTHVINYDLPSDVDDYVHRIGRTGRAGNTGLATAFFNSENSNIVKGLHEILTEANQEVPSFLKDAMRSNNVDGSDGWEGIWDWESSDGGPRRNNRPNVVPCQRAFNTNDYNTGRSWGGTPFGGRGSGGSEKGGQDYP,0.1012132568571974,0.1601370453370387,5.339973633611563,13.957053051235052,0.1664084744210963,0.204297612283802,0.2098093046560962,0.3813092742915633,0.1855700020649981,-0.4701296902225391,0.2512476315050116,0.3481491711986117,-0.1893773789253225,-0.3958236543217647,0.2314201459932298,0.0756777130379066
DED1_CTD,56,772.2563989162445,MAELSEQVQNLSINDNNENGYVPPHLRGKPRSARNNSSNYNNNNGGYNGGRGGGSFFSNNRRGGYGNGGFFGGNNGGSRSNGRSGGRWIDGKHVPAPRNEKAEIAIFGVPEDPNFQSSGINFDNYDDIPVDASGKDVPEPITEFTSPPLDGLLLENIKLARFTKPTPVQKYSVPIVANGRDLMACAQTGSGKTGGFLFPVLSESFKTGPSPQPESQGSFYQRKAYPTAVIMAPTRELATQIFDEAKKFTYRSWVKACVVYGGSPIGNQLREIERGCDLLVATPGRLNDLLERGKISLANVKYLVLDEADRMLDMGFEPQIRHIVEDCDMTPVGERQTLMFSATFPADIQHLARDFLSDYIFLSVGRVGSTSENITQKVLYVENQDKKSALLDLLSASTDGLTLIFVETKRMADQLTDFLIMQNFRATAIHGDRTQSERERALAAFRSGAATLLVATAVAARGLDIPNVTHVINYDLPSDVDDYVHRIGRTGRAGNTGLATAFFNSENSNIVKGLHEILTEANQEVPSFLKDAIQGHTWAPNGGRGRLFCCWPDRCDNVVNSGYRRWDSDSSDRGSPGLSGPGNSNNTPNDGGNSGWRWGGADEA,0.100373494864225,0.1625170596815618,5.217430308873928,13.889409023778889,0.1731286972948404,0.2010040875440322,0.2085282634584696,0.3836262993834631,0.1857166540824531,-0.4723416335157434,0.2561919412598105,0.3460825653544545,-0.1899937105684602,-0.3969229693580268,0.2280919733001375,0.0756470525880248
DED1_CTD,57,388.0630669593811,MAELSEQVQNLSINDNNENGYVPPHLRGKPRSARNNSSNYNNNNGGYNGGRGGGSFFSNNRRGGYGNGGFFGGNNGGSRSNGRSGGRWIDGKHVPAPRNEKAEIAIFGVPEDPNFQSSGINFDNYDDIPVDASGKDVPEPITEFTSPPLDGLLLENIKLARFTKPTPVQKYSVPIVANGRDLMACAQTGSGKTGGFLFPVLSESFKTGPSPQPESQGSFYQRKAYPTAVIMAPTRELATQIFDEAKKFTYRSWVKACVVYGGSPIGNQLREIERGCDLLVATPGRLNDLLERGKISLANVKYLVLDEADRMLDMGFEPQIRHIVEDCDMTPVGERQTLMFSATFPADIQHLARDFLSDYIFLSVGRVGSTSENITQKVLYVENQDKKSALLDLLSASTDGLTLIFVETKRMADQLTDFLIMQNFRATAIHGDRTQSERERALAAFRSGAATLLVATAVAARGLDIPNVTHVINYDLPSDVDDYVHRIGRTGRAGNTGLATAFFNSENSNIVKGLHEILTEANQEVPSFLKDAMDGNNDYRLDYLDGGPKNNGGNNPSYGNNGEGSYFEYDDTIQRGGDDQPWGGFRNEYGSNYGPNGGNSGGKQ,0.1169197876389301,0.158621177598577,5.285680054674027,13.944444557942262,0.161461785723696,0.2007029815731437,0.2104859776504323,0.3798113059727268,0.1850501161354279,-0.4726636899395313,0.2495715282281318,0.34669167839555,-0.19004912731744,-0.3972512134801256,0.2327563948668491,0.0758966995859524
DED1_CTD,58,849.1915247440338,MAELSEQVQNLSINDNNENGYVPPHLRGKPRSARNNSSNYNNNNGGYNGGRGGGSFFSNNRRGGYGNGGFFGGNNGGSRSNGRSGGRWIDGKHVPAPRNEKAEIAIFGVPEDPNFQSSGINFDNYDDIPVDASGKDVPEPITEFTSPPLDGLLLENIKLARFTKPTPVQKYSVPIVANGRDLMACAQTGSGKTGGFLFPVLSESFKTGPSPQPESQGSFYQRKAYPTAVIMAPTRELATQIFDEAKKFTYRSWVKACVVYGGSPIGNQLREIERGCDLLVATPGRLNDLLERGKISLANVKYLVLDEADRMLDMGFEPQIRHIVEDCDMTPVGERQTLMFSATFPADIQHLARDFLSDYIFLSVGRVGSTSENITQKVLYVENQDKKSALLDLLSASTDGLTLIFVETKRMADQLTDFLIMQNFRATAIHGDRTQSERERALAAFRSGAATLLVATAVAARGLDIPNVTHVINYDLPSDVDDYVHRIGRTGRAGNTGLATAFFNSENSNIVKGLHEILTEANQEVPSFLKDAERMQSSTGSDGESRPGRSCKPGRSNGGYRNSPDWDNVIMNNGKNCQRGNVGGDRGSFQGSWGWGFPDNWDRG,0.1003167147106489,0.1576525705091943,5.27383924662222,13.850170801745533,0.1717099208245385,0.2015783211572827,0.209843406123512,0.384711250158231,0.1835880735600311,-0.4803807777626639,0.2488105460447699,0.3488440185250336,-0.1880149702648227,-0.3965938694468224,0.2283757372405042,0.0783071727355589
DED1_CTD,59,571.5778460502625,MAELSEQVQNLSINDNNENGYVPPHLRGKPRSARNNSSNYNNNNGGYNGGRGGGSFFSNNRRGGYGNGGFFGGNNGGSRSNGRSGGRWIDGKHVPAPRNEKAEIAIFGVPEDPNFQSSGINFDNYDDIPVDASGKDVPEPITEFTSPPLDGLLLENIKLARFTKPTPVQKYSVPIVANGRDLMACAQTGSGKTGGFLFPVLSESFKTGPSPQPESQGSFYQRKAYPTAVIMAPTRELATQIFDEAKKFTYRSWVKACVVYGGSPIGNQLREIERGCDLLVATPGRLNDLLERGKISLANVKYLVLDEADRMLDMGFEPQIRHIVEDCDMTPVGERQTLMFSATFPADIQHLARDFLSDYIFLSVGRVGSTSENITQKVLYVENQDKKSALLDLLSASTDGLTLIFVETKRMADQLTDFLIMQNFRATAIHGDRTQSERERALAAFRSGAATLLVATAVAARGLDIPNVTHVINYDLPSDVDDYVHRIGRTGRAGNTGLATAFFNSENSNIVKGLHEILTEANQEVPSFLKDACWGWFQGDNYSKGGNNGGYDGYSTNDKGVRNGVNGNDTGVMKDRDYPNGSNSGNNPGFDNYAGADCRMPNAI,0.1019121011621387,0.1520558140999621,5.226398519465263,13.918568956890825,0.1633985570785429,0.2032408793876977,0.2107117428223027,0.3835909419618148,0.181244053081961,-0.4738892805273654,0.2552097515219317,0.3468576237592547,-0.1917670915025343,-0.3940640974843631,0.2299420018933471,0.0775153504984174
DED1_CTD,60,326.59434509277344,MAELSEQVQNLSINDNNENGYVPPHLRGKPRSARNNSSNYNNNNGGYNGGRGGGSFFSNNRRGGYGNGGFFGGNNGGSRSNGRSGGRWIDGKHVPAPRNEKAEIAIFGVPEDPNFQSSGINFDNYDDIPVDASGKDVPEPITEFTSPPLDGLLLENIKLARFTKPTPVQKYSVPIVANGRDLMACAQTGSGKTGGFLFPVLSESFKTGPSPQPESQGSFYQRKAYPTAVIMAPTRELATQIFDEAKKFTYRSWVKACVVYGGSPIGNQLREIERGCDLLVATPGRLNDLLERGKISLANVKYLVLDEADRMLDMGFEPQIRHIVEDCDMTPVGERQTLMFSATFPADIQHLARDFLSDYIFLSVGRVGSTSENITQKVLYVENQDKKSALLDLLSASTDGLTLIFVETKRMADQLTDFLIMQNFRATAIHGDRTQSERERALAAFRSGAATLLVATAVAARGLDIPNVTHVINYDLPSDVDDYVHRIGRTGRAGNTGLATAFFNSENSNIVKGLHEILTEANQEVPSFLKDAADNGLPRGKMRPGRQDRGFDSPTNAKTVNGGWHRRSNKNRGSGNNWYFGLTPYSWSANSGCPSDGNGGRESG,0.0981534972870912,0.1564542808091649,5.356345035484488,13.90004195733455,0.1622689027916879,0.2003424530495427,0.208914881284826,0.3822799336946074,0.1865864164328126,-0.474962885063953,0.2450529016835687,0.3480263332275184,-0.1902979176296959,-0.3938274928902674,0.2256654881860259,0.075141016886886
DED1_CTD,61,427.4665937423706,MAELSEQVQNLSINDNNENGYVPPHLRGKPRSARNNSSNYNNNNGGYNGGRGGGSFFSNNRRGGYGNGGFFGGNNGGSRSNGRSGGRWIDGKHVPAPRNEKAEIAIFGVPEDPNFQSSGINFDNYDDIPVDASGKDVPEPITEFTSPPLDGLLLENIKLARFTKPTPVQKYSVPIVANGRDLMACAQTGSGKTGGFLFPVLSESFKTGPSPQPESQGSFYQRKAYPTAVIMAPTRELATQIFDEAKKFTYRSWVKACVVYGGSPIGNQLREIERGCDLLVATPGRLNDLLERGKISLANVKYLVLDEADRMLDMGFEPQIRHIVEDCDMTPVGERQTLMFSATFPADIQHLARDFLSDYIFLSVGRVGSTSENITQKVLYVENQDKKSALLDLLSASTDGLTLIFVETKRMADQLTDFLIMQNFRATAIHGDRTQSERERALAAFRSGAATLLVATAVAARGLDIPNVTHVINYDLPSDVDDYVHRIGRTGRAGNTGLATAFFNSENSNIVKGLHEILTEANQEVPSFLKDAARNMGYWTGCSNWKADGVVTNRNNIPDYHKYGWGSPMRDGRDGNTGDNGPSDNNSSNIWGSGPNASGPGRRL,0.0973252789102539,0.1525879339888031,5.323066480419604,13.903336197007205,0.1662329010928381,0.2032997212396879,0.2103638666461265,0.3836243764418505,0.1864671918729475,-0.468267879219227,0.2500284191098184,0.3456990931537775,-0.1902794953319705,-0.3942620754125159,0.2295812223248512,0.0758453075447863
DED1_CTD,62,626.9348380565643,MAELSEQVQNLSINDNNENGYVPPHLRGKPRSARNNSSNYNNNNGGYNGGRGGGSFFSNNRRGGYGNGGFFGGNNGGSRSNGRSGGRWIDGKHVPAPRNEKAEIAIFGVPEDPNFQSSGINFDNYDDIPVDASGKDVPEPITEFTSPPLDGLLLENIKLARFTKPTPVQKYSVPIVANGRDLMACAQTGSGKTGGFLFPVLSESFKTGPSPQPESQGSFYQRKAYPTAVIMAPTRELATQIFDEAKKFTYRSWVKACVVYGGSPIGNQLREIERGCDLLVATPGRLNDLLERGKISLANVKYLVLDEADRMLDMGFEPQIRHIVEDCDMTPVGERQTLMFSATFPADIQHLARDFLSDYIFLSVGRVGSTSENITQKVLYVENQDKKSALLDLLSASTDGLTLIFVETKRMADQLTDFLIMQNFRATAIHGDRTQSERERALAAFRSGAATLLVATAVAARGLDIPNVTHVINYDLPSDVDDYVHRIGRTGRAGNTGLATAFFNSENSNIVKGLHEILTEANQEVPSFLKDAEGQNNSGYSRPGNNDYNGGFNDRRVDKGGGNSKGSDGGQRRNLTFAVNSWCQWSKPDWGDGDMPGGDYGGNG,0.1057888063683321,0.1592634563744026,5.279964839298513,13.82266172057449,0.1588327597837146,0.2012403870682468,0.2103762733326409,0.3825136031797954,0.1830748477981939,-0.4795422832569888,0.258001470269418,0.3491114256019481,-0.1892428638242258,-0.3956045817723757,0.2336976048781228,0.0750227104284662
DED1_CTD,63,532.9236521720886,MAELSEQVQNLSINDNNENGYVPPHLRGKPRSARNNSSNYNNNNGGYNGGRGGGSFFSNNRRGGYGNGGFFGGNNGGSRSNGRSGGRWIDGKHVPAPRNEKAEIAIFGVPEDPNFQSSGINFDNYDDIPVDASGKDVPEPITEFTSPPLDGLLLENIKLARFTKPTPVQKYSVPIVANGRDLMACAQTGSGKTGGFLFPVLSESFKTGPSPQPESQGSFYQRKAYPTAVIMAPTRELATQIFDEAKKFTYRSWVKACVVYGGSPIGNQLREIERGCDLLVATPGRLNDLLERGKISLANVKYLVLDEADRMLDMGFEPQIRHIVEDCDMTPVGERQTLMFSATFPADIQHLARDFLSDYIFLSVGRVGSTSENITQKVLYVENQDKKSALLDLLSASTDGLTLIFVETKRMADQLTDFLIMQNFRATAIHGDRTQSERERALAAFRSGAATLLVATAVAARGLDIPNVTHVINYDLPSDVDDYVHRIGRTGRAGNTGLATAFFNSENSNIVKGLHEILTEANQEVPSFLKDAPRGGNRRGIGGDSRGYGPPCSGGFRWSDAPNSDSTNNSNGGNGEPWNMDNRRSGSVHWPDVSSMRWEGSYRK,0.1033104927996804,0.1606899578467399,5.293872654188579,13.918942625807832,0.1653502299068213,0.2002914130506257,0.2099849419410326,0.3831071178979899,0.1848768326423195,-0.4780427421227014,0.2518493929855325,0.3470463547250956,-0.1886016196605378,-0.3965575900743103,0.2310673239180697,0.0752523060461227
DED1_CTD,64,301.1297972202301,MAELSEQVQNLSINDNNENGYVPPHLRGKPRSARNNSSNYNNNNGGYNGGRGGGSFFSNNRRGGYGNGGFFGGNNGGSRSNGRSGGRWIDGKHVPAPRNEKAEIAIFGVPEDPNFQSSGINFDNYDDIPVDASGKDVPEPITEFTSPPLDGLLLENIKLARFTKPTPVQKYSVPIVANGRDLMACAQTGSGKTGGFLFPVLSESFKTGPSPQPESQGSFYQRKAYPTAVIMAPTRELATQIFDEAKKFTYRSWVKACVVYGGSPIGNQLREIERGCDLLVATPGRLNDLLERGKISLANVKYLVLDEADRMLDMGFEPQIRHIVEDCDMTPVGERQTLMFSATFPADIQHLARDFLSDYIFLSVGRVGSTSENITQKVLYVENQDKKSALLDLLSASTDGLTLIFVETKRMADQLTDFLIMQNFRATAIHGDRTQSERERALAAFRSGAATLLVATAVAARGLDIPNVTHVINYDLPSDVDDYVHRIGRTGRAGNTGLATAFFNSENSNIVKGLHEILTEANQEVPSFLKDAGRGCNRCDGPRGPKCDGGGFEWSDYYENSDQDNSFGRSGQRSWGPNGQVVNDWANKSSSGEGQGYNPRPPRI,0.1083904079032148,0.1590276574189694,5.369244726623904,14.00564513409052,0.1698625348219448,0.2017460970697874,0.2099306253088042,0.3822454995028318,0.1833112882407788,-0.478367796471365,0.2518336060175868,0.3461923543687704,-0.1887874710220087,-0.3956937264723177,0.2326639881296354,0.0759740183654646
DED1_CTD,65,510.7356479167938,MAELSEQVQNLSINDNNENGYVPPHLRGKPRSARNNSSNYNNNNGGYNGGRGGGSFFSNNRRGGYGNGGFFGGNNGGSRSNGRSGGRWIDGKHVPAPRNEKAEIAIFGVPEDPNFQSSGINFDNYDDIPVDASGKDVPEPITEFTSPPLDGLLLENIKLARFTKPTPVQKYSVPIVANGRDLMACAQTGSGKTGGFLFPVLSESFKTGPSPQPESQGSFYQRKAYPTAVIMAPTRELATQIFDEAKKFTYRSWVKACVVYGGSPIGNQLREIERGCDLLVATPGRLNDLLERGKISLANVKYLVLDEADRMLDMGFEPQIRHIVEDCDMTPVGERQTLMFSATFPADIQHLARDFLSDYIFLSVGRVGSTSENITQKVLYVENQDKKSALLDLLSASTDGLTLIFVETKRMADQLTDFLIMQNFRATAIHGDRTQSERERALAAFRSGAATLLVATAVAARGLDIPNVTHVINYDLPSDVDDYVHRIGRTGRAGNTGLATAFFNSENSNIVKGLHEILTEANQEVPSFLKDACNGGSGWGDVNRNAPGTEFNAPPPGNQGVNRVDRGNEYRDSSWWNAYDGEMDWASHNTDGDCPFRSGGRGDG,0.1130447006148774,0.1586641836090483,5.323682362623948,14.050551326125944,0.1659441655669008,0.2008927821734109,0.2113929393406823,0.3815410018085037,0.1840547086054487,-0.4708680699063673,0.2585241701083917,0.3463892621322755,-0.1901532626588625,-0.3945226242600385,0.2284205271142643,0.0764864503794904
DED1_CTD,66,428.8432548046112,MAELSEQVQNLSINDNNENGYVPPHLRGKPRSARNNSSNYNNNNGGYNGGRGGGSFFSNNRRGGYGNGGFFGGNNGGSRSNGRSGGRWIDGKHVPAPRNEKAEIAIFGVPEDPNFQSSGINFDNYDDIPVDASGKDVPEPITEFTSPPLDGLLLENIKLARFTKPTPVQKYSVPIVANGRDLMACAQTGSGKTGGFLFPVLSESFKTGPSPQPESQGSFYQRKAYPTAVIMAPTRELATQIFDEAKKFTYRSWVKACVVYGGSPIGNQLREIERGCDLLVATPGRLNDLLERGKISLANVKYLVLDEADRMLDMGFEPQIRHIVEDCDMTPVGERQTLMFSATFPADIQHLARDFLSDYIFLSVGRVGSTSENITQKVLYVENQDKKSALLDLLSASTDGLTLIFVETKRMADQLTDFLIMQNFRATAIHGDRTQSERERALAAFRSGAATLLVATAVAARGLDIPNVTHVINYDLPSDVDDYVHRIGRTGRAGNTGLATAFFNSENSNIVKGLHEILTEANQEVPSFLKDATKRSGYNRMPVDGWSGGFNVPNGGRRDPNGSGCEFSSSSNGGTNKWSPAIDSGGSENWWRRGNRTRGNKGNC,0.0989999673951805,0.1588329254109934,5.264314749823443,13.83480529081391,0.1653695280796071,0.2013879023764912,0.2101097202450577,0.3838382040637139,0.1819681857832355,-0.4767952905089856,0.2478846685819087,0.3480542917863091,-0.1887455508187245,-0.3941182573630402,0.2291428514264991,0.075687642716022
DED1_CTD,67,324.3582022190094,MAELSEQVQNLSINDNNENGYVPPHLRGKPRSARNNSSNYNNNNGGYNGGRGGGSFFSNNRRGGYGNGGFFGGNNGGSRSNGRSGGRWIDGKHVPAPRNEKAEIAIFGVPEDPNFQSSGINFDNYDDIPVDASGKDVPEPITEFTSPPLDGLLLENIKLARFTKPTPVQKYSVPIVANGRDLMACAQTGSGKTGGFLFPVLSESFKTGPSPQPESQGSFYQRKAYPTAVIMAPTRELATQIFDEAKKFTYRSWVKACVVYGGSPIGNQLREIERGCDLLVATPGRLNDLLERGKISLANVKYLVLDEADRMLDMGFEPQIRHIVEDCDMTPVGERQTLMFSATFPADIQHLARDFLSDYIFLSVGRVGSTSENITQKVLYVENQDKKSALLDLLSASTDGLTLIFVETKRMADQLTDFLIMQNFRATAIHGDRTQSERERALAAFRSGAATLLVATAVAARGLDIPNVTHVINYDLPSDVDDYVHRIGRTGRAGNTGLATAFFNSENSNIVKGLHEILTEANQEVPSFLKDARDRGYDQRNGDAFNYESGGFRKNGCNVWNNHRWSSWGDHCLDGENGDSGSPGSRGTRPTGSGGSDGKWGSNL,0.1085440138927473,0.1692498186895901,5.281506298525754,13.85552762966267,0.1693008870080762,0.2014992801899898,0.2106554550732872,0.3832140519594209,0.1809187643210666,-0.4702641995709064,0.2507342036477049,0.3472870108026902,-0.1939073878540249,-0.3938894755264739,0.232669784065542,0.0765067521052975
DED1_CTD,68,576.7916421890259,MAELSEQVQNLSINDNNENGYVPPHLRGKPRSARNNSSNYNNNNGGYNGGRGGGSFFSNNRRGGYGNGGFFGGNNGGSRSNGRSGGRWIDGKHVPAPRNEKAEIAIFGVPEDPNFQSSGINFDNYDDIPVDASGKDVPEPITEFTSPPLDGLLLENIKLARFTKPTPVQKYSVPIVANGRDLMACAQTGSGKTGGFLFPVLSESFKTGPSPQPESQGSFYQRKAYPTAVIMAPTRELATQIFDEAKKFTYRSWVKACVVYGGSPIGNQLREIERGCDLLVATPGRLNDLLERGKISLANVKYLVLDEADRMLDMGFEPQIRHIVEDCDMTPVGERQTLMFSATFPADIQHLARDFLSDYIFLSVGRVGSTSENITQKVLYVENQDKKSALLDLLSASTDGLTLIFVETKRMADQLTDFLIMQNFRATAIHGDRTQSERERALAAFRSGAATLLVATAVAARGLDIPNVTHVINYDLPSDVDDYVHRIGRTGRAGNTGLATAFFNSENSNIVKGLHEILTEANQEVPSFLKDALCGGCNCPDNGSVNRGGTNPWRDGYNSKGKSPWHRNGRRVDGGSWSNGDPTGGGSYCRTSTSNSRRSEFCYG,0.1015329726904338,0.1603874257435523,5.25212743114786,13.9216103955663,0.1620056879765972,0.2036397111032409,0.2106808907852647,0.3798958936917608,0.1824237037055671,-0.4701037362439636,0.2534220025599785,0.3470065108457494,-0.1912829775275787,-0.3947823113471391,0.2318699794077416,0.0764623853259511
DED1_CTD,69,625.0814762115479,MAELSEQVQNLSINDNNENGYVPPHLRGKPRSARNNSSNYNNNNGGYNGGRGGGSFFSNNRRGGYGNGGFFGGNNGGSRSNGRSGGRWIDGKHVPAPRNEKAEIAIFGVPEDPNFQSSGINFDNYDDIPVDASGKDVPEPITEFTSPPLDGLLLENIKLARFTKPTPVQKYSVPIVANGRDLMACAQTGSGKTGGFLFPVLSESFKTGPSPQPESQGSFYQRKAYPTAVIMAPTRELATQIFDEAKKFTYRSWVKACVVYGGSPIGNQLREIERGCDLLVATPGRLNDLLERGKISLANVKYLVLDEADRMLDMGFEPQIRHIVEDCDMTPVGERQTLMFSATFPADIQHLARDFLSDYIFLSVGRVGSTSENITQKVLYVENQDKKSALLDLLSASTDGLTLIFVETKRMADQLTDFLIMQNFRATAIHGDRTQSERERALAAFRSGAATLLVATAVAARGLDIPNVTHVINYDLPSDVDDYVHRIGRTGRAGNTGLATAFFNSENSNIVKGLHEILTEANQEVPSFLKDAMNANNGNGGDINFRWVSCPGDSGDSDNGSGRDSNHRQRPRASGYTNASYCHWGWPFGSRSGNRDGFGGGARG,0.1060529662520153,0.1691214485186634,5.246634341948411,13.938096585847342,0.1676551728026409,0.2018250943098459,0.2096455968942366,0.3830171037963589,0.1882265137628352,-0.4739047531315064,0.262824425930017,0.3486619260534175,-0.1921131712866437,-0.3949365190675646,0.2280475355968328,0.07505348851348
DED1_CTD,70,469.13987708091736,MAELSEQVQNLSINDNNENGYVPPHLRGKPRSARNNSSNYNNNNGGYNGGRGGGSFFSNNRRGGYGNGGFFGGNNGGSRSNGRSGGRWIDGKHVPAPRNEKAEIAIFGVPEDPNFQSSGINFDNYDDIPVDASGKDVPEPITEFTSPPLDGLLLENIKLARFTKPTPVQKYSVPIVANGRDLMACAQTGSGKTGGFLFPVLSESFKTGPSPQPESQGSFYQRKAYPTAVIMAPTRELATQIFDEAKKFTYRSWVKACVVYGGSPIGNQLREIERGCDLLVATPGRLNDLLERGKISLANVKYLVLDEADRMLDMGFEPQIRHIVEDCDMTPVGERQTLMFSATFPADIQHLARDFLSDYIFLSVGRVGSTSENITQKVLYVENQDKKSALLDLLSASTDGLTLIFVETKRMADQLTDFLIMQNFRATAIHGDRTQSERERALAAFRSGAATLLVATAVAARGLDIPNVTHVINYDLPSDVDDYVHRIGRTGRAGNTGLATAFFNSENSNIVKGLHEILTEANQEVPSFLKDAMGLNYRGSRDSPKPRSGNGNRIKMRGGRPNYRKPLGGGKWGKSTDNGYFMDSGWSSGPNSYSNDNCNNANSP,0.0924839180790503,0.1467311039615224,5.315568594902358,13.90624515943239,0.1618684784367227,0.2008757798927595,0.2107775919956215,0.3825117521476149,0.1829143345248863,-0.4750601997579835,0.2468043273073862,0.3478454748856371,-0.1900004118399773,-0.3941557423074151,0.2249411116854464,0.0770497056549961
DED1_CTD,71,721.2450170516968,MAELSEQVQNLSINDNNENGYVPPHLRGKPRSARNNSSNYNNNNGGYNGGRGGGSFFSNNRRGGYGNGGFFGGNNGGSRSNGRSGGRWIDGKHVPAPRNEKAEIAIFGVPEDPNFQSSGINFDNYDDIPVDASGKDVPEPITEFTSPPLDGLLLENIKLARFTKPTPVQKYSVPIVANGRDLMACAQTGSGKTGGFLFPVLSESFKTGPSPQPESQGSFYQRKAYPTAVIMAPTRELATQIFDEAKKFTYRSWVKACVVYGGSPIGNQLREIERGCDLLVATPGRLNDLLERGKISLANVKYLVLDEADRMLDMGFEPQIRHIVEDCDMTPVGERQTLMFSATFPADIQHLARDFLSDYIFLSVGRVGSTSENITQKVLYVENQDKKSALLDLLSASTDGLTLIFVETKRMADQLTDFLIMQNFRATAIHGDRTQSERERALAAFRSGAATLLVATAVAARGLDIPNVTHVINYDLPSDVDDYVHRIGRTGRAGNTGLATAFFNSENSNIVKGLHEILTEANQEVPSFLKDAMKHNYRDKINGGTGPRGSDRRSVSFPGDRSNGWNSSWNGPCINRKPGNNPTIPNRMDWWGGSDGDNGSGFNM,0.1046964211557172,0.1558203919433191,5.3888589775969855,13.868996982421216,0.1563097923730623,0.2035409484626824,0.2105214517858306,0.3802292113640017,0.1835363266301194,-0.4715165628856337,0.2518880959705185,0.3482080834194561,-0.1890979687749008,-0.3969792100323442,0.2327245749871138,0.077171781413011
DED1_CTD,72,819.5145871639252,MAELSEQVQNLSINDNNENGYVPPHLRGKPRSARNNSSNYNNNNGGYNGGRGGGSFFSNNRRGGYGNGGFFGGNNGGSRSNGRSGGRWIDGKHVPAPRNEKAEIAIFGVPEDPNFQSSGINFDNYDDIPVDASGKDVPEPITEFTSPPLDGLLLENIKLARFTKPTPVQKYSVPIVANGRDLMACAQTGSGKTGGFLFPVLSESFKTGPSPQPESQGSFYQRKAYPTAVIMAPTRELATQIFDEAKKFTYRSWVKACVVYGGSPIGNQLREIERGCDLLVATPGRLNDLLERGKISLANVKYLVLDEADRMLDMGFEPQIRHIVEDCDMTPVGERQTLMFSATFPADIQHLARDFLSDYIFLSVGRVGSTSENITQKVLYVENQDKKSALLDLLSASTDGLTLIFVETKRMADQLTDFLIMQNFRATAIHGDRTQSERERALAAFRSGAATLLVATAVAARGLDIPNVTHVINYDLPSDVDDYVHRIGRTGRAGNTGLATAFFNSENSNIVKGLHEILTEANQEVPSFLKDAGYGGSGANNDRNRTKWGNSGGGNDGNKQNDYDWGPSTYNNPIGKEDGASHIWGQGGEGSSFPRRSRGYTNAV,0.1045406526751376,0.1586151403865557,5.310986875886952,13.918359095114624,0.1726766850140748,0.2002128881847733,0.2104278055999517,0.3786763323677825,0.1851394750319429,-0.4706822067068753,0.2541418009660287,0.3483309020616971,-0.1871883253132503,-0.394961156749222,0.2301182621217547,0.0760408855048783
DED1_CTD,73,638.251659154892,MAELSEQVQNLSINDNNENGYVPPHLRGKPRSARNNSSNYNNNNGGYNGGRGGGSFFSNNRRGGYGNGGFFGGNNGGSRSNGRSGGRWIDGKHVPAPRNEKAEIAIFGVPEDPNFQSSGINFDNYDDIPVDASGKDVPEPITEFTSPPLDGLLLENIKLARFTKPTPVQKYSVPIVANGRDLMACAQTGSGKTGGFLFPVLSESFKTGPSPQPESQGSFYQRKAYPTAVIMAPTRELATQIFDEAKKFTYRSWVKACVVYGGSPIGNQLREIERGCDLLVATPGRLNDLLERGKISLANVKYLVLDEADRMLDMGFEPQIRHIVEDCDMTPVGERQTLMFSATFPADIQHLARDFLSDYIFLSVGRVGSTSENITQKVLYVENQDKKSALLDLLSASTDGLTLIFVETKRMADQLTDFLIMQNFRATAIHGDRTQSERERALAAFRSGAATLLVATAVAARGLDIPNVTHVINYDLPSDVDDYVHRIGRTGRAGNTGLATAFFNSENSNIVKGLHEILTEANQEVPSFLKDAMAYYYRGEGRGCGVRDWSTSPNGNPGGSNMSGPNRRPSDNKVDNGSRGGSWNRISPWTSDEGSIDRGGMNWG,0.0937551632203201,0.1545122539484792,5.248404477796299,13.873252378450918,0.1621411609948551,0.2021002711179312,0.211219713900732,0.3838021847999539,0.1860586372529075,-0.4766691919936608,0.2496093303024638,0.3466610401950838,-0.1899942020977638,-0.394933849429124,0.2277248681747516,0.0769078412719825
DED1_CTD,74,865.0311937332153,MAELSEQVQNLSINDNNENGYVPPHLRGKPRSARNNSSNYNNNNGGYNGGRGGGSFFSNNRRGGYGNGGFFGGNNGGSRSNGRSGGRWIDGKHVPAPRNEKAEIAIFGVPEDPNFQSSGINFDNYDDIPVDASGKDVPEPITEFTSPPLDGLLLENIKLARFTKPTPVQKYSVPIVANGRDLMACAQTGSGKTGGFLFPVLSESFKTGPSPQPESQGSFYQRKAYPTAVIMAPTRELATQIFDEAKKFTYRSWVKACVVYGGSPIGNQLREIERGCDLLVATPGRLNDLLERGKISLANVKYLVLDEADRMLDMGFEPQIRHIVEDCDMTPVGERQTLMFSATFPADIQHLARDFLSDYIFLSVGRVGSTSENITQKVLYVENQDKKSALLDLLSASTDGLTLIFVETKRMADQLTDFLIMQNFRATAIHGDRTQSERERALAAFRSGAATLLVATAVAARGLDIPNVTHVINYDLPSDVDDYVHRIGRTGRAGNTGLATAFFNSENSNIVKGLHEILTEANQEVPSFLKDAMNNREGRGGNSGGKKDDRGWANPTHGDNGAIYVPRFGRNTNNNGCNGGYDNSGFSPGNTSSTNRWGGAFKWV,0.1017661715116041,0.1632912100248868,5.264614583304772,13.868644601578762,0.1654806826589786,0.2016697485987752,0.2098063319144709,0.3836840657700374,0.1854791980496952,-0.4708219685366498,0.2577808415791585,0.3474686748853086,-0.1915405809186342,-0.3954780166388891,0.2354610880699119,0.0752908800646595
DED1_CTD,75,891.7425172328949,MAELSEQVQNLSINDNNENGYVPPHLRGKPRSARNNSSNYNNNNGGYNGGRGGGSFFSNNRRGGYGNGGFFGGNNGGSRSNGRSGGRWIDGKHVPAPRNEKAEIAIFGVPEDPNFQSSGINFDNYDDIPVDASGKDVPEPITEFTSPPLDGLLLENIKLARFTKPTPVQKYSVPIVANGRDLMACAQTGSGKTGGFLFPVLSESFKTGPSPQPESQGSFYQRKAYPTAVIMAPTRELATQIFDEAKKFTYRSWVKACVVYGGSPIGNQLREIERGCDLLVATPGRLNDLLERGKISLANVKYLVLDEADRMLDMGFEPQIRHIVEDCDMTPVGERQTLMFSATFPADIQHLARDFLSDYIFLSVGRVGSTSENITQKVLYVENQDKKSALLDLLSASTDGLTLIFVETKRMADQLTDFLIMQNFRATAIHGDRTQSERERALAAFRSGAATLLVATAVAARGLDIPNVTHVINYDLPSDVDDYVHRIGRTGRAGNTGLATAFFNSENSNIVKGLHEILTEANQEVPSFLKDAHRRMGSGFQSGGRKNDRSNGGEFGDCSWRSNGPDCDYINRSNCNHWNQTGTGGSSKYPKADQPSGYGWDGGN,0.1100295459867493,0.1612811286735824,5.299331855262481,13.788855368259622,0.167330737504389,0.2029100968078748,0.2091928292406529,0.3835326634494196,0.1839337649187011,-0.4714838969485919,0.2538847915423292,0.3500688227682087,-0.1891541876954795,-0.3947417231489466,0.2293359127052977,0.077119370356555
DED1_CTD,76,796.1151769161224,MAELSEQVQNLSINDNNENGYVPPHLRGKPRSARNNSSNYNNNNGGYNGGRGGGSFFSNNRRGGYGNGGFFGGNNGGSRSNGRSGGRWIDGKHVPAPRNEKAEIAIFGVPEDPNFQSSGINFDNYDDIPVDASGKDVPEPITEFTSPPLDGLLLENIKLARFTKPTPVQKYSVPIVANGRDLMACAQTGSGKTGGFLFPVLSESFKTGPSPQPESQGSFYQRKAYPTAVIMAPTRELATQIFDEAKKFTYRSWVKACVVYGGSPIGNQLREIERGCDLLVATPGRLNDLLERGKISLANVKYLVLDEADRMLDMGFEPQIRHIVEDCDMTPVGERQTLMFSATFPADIQHLARDFLSDYIFLSVGRVGSTSENITQKVLYVENQDKKSALLDLLSASTDGLTLIFVETKRMADQLTDFLIMQNFRATAIHGDRTQSERERALAAFRSGAATLLVATAVAARGLDIPNVTHVINYDLPSDVDDYVHRIGRTGRAGNTGLATAFFNSENSNIVKGLHEILTEANQEVPSFLKDAANGGQGDGNDCTNWSNGGMKGPRGNRWDWGPDTCEYRRGMPGGQRNPRGSTWSYGSVSDSSISNGGRSRKFA,0.0937144207261463,0.1611835042059425,5.301451451956055,13.768217429278447,0.1665670533367332,0.2036137971598167,0.2100559650470022,0.383848713254835,0.1833142514982098,-0.4732915343734903,0.25207332453372,0.3470482968010366,-0.1873012674368716,-0.3943768299218635,0.2301162734693756,0.0769966686523322
DED1_CTD,77,5289.3441157341,MAELSEQVQNLSINDNNENGYVPPHLRGKPRSARNNSSNYNNNNGGYNGGRGGGSFFSNNRRGGYGNGGFFGGNNGGSRSNGRSGGRWIDGKHVPAPRNEKAEIAIFGVPEDPNFQSSGINFDNYDDIPVDASGKDVPEPITEFTSPPLDGLLLENIKLARFTKPTPVQKYSVPIVANGRDLMACAQTGSGKTGGFLFPVLSESFKTGPSPQPESQGSFYQRKAYPTAVIMAPTRELATQIFDEAKKFTYRSWVKACVVYGGSPIGNQLREIERGCDLLVATPGRLNDLLERGKISLANVKYLVLDEADRMLDMGFEPQIRHIVEDCDMTPVGERQTLMFSATFPADIQHLARDFLSDYIFLSVGRVGSTSENITQKVLYVENQDKKSALLDLLSASTDGLTLIFVETKRMADQLTDFLIMQNFRATAIHGDRTQSERERALAAFRSGAATLLVATAVAARGLDIPNVTHVINYDLPSDVDDYVHRIGRTGRAGNTGLATAFFNSENSNIVKGLHEILTEANQEVPSFLKDALKEGKSSGWGPNGNSIYRNDGDVYVPGDTNASGKRNRHQNNEMPYRSRDGSGNAPGPNKGWYYNGFGNNNGG,0.1123440309723863,0.1561486390890672,5.349801737029048,13.892734442621077,0.1649533292192617,0.2023802830711717,0.2077210010272467,0.3843684997137456,0.1872334243885475,-0.4711473359347436,0.2479564815386036,0.3470753578925616,-0.1886772983449958,-0.3940182926002607,0.2302789296134098,0.0759056176856649
DED1_CTD,78,551.4127507209778,MAELSEQVQNLSINDNNENGYVPPHLRGKPRSARNNSSNYNNNNGGYNGGRGGGSFFSNNRRGGYGNGGFFGGNNGGSRSNGRSGGRWIDGKHVPAPRNEKAEIAIFGVPEDPNFQSSGINFDNYDDIPVDASGKDVPEPITEFTSPPLDGLLLENIKLARFTKPTPVQKYSVPIVANGRDLMACAQTGSGKTGGFLFPVLSESFKTGPSPQPESQGSFYQRKAYPTAVIMAPTRELATQIFDEAKKFTYRSWVKACVVYGGSPIGNQLREIERGCDLLVATPGRLNDLLERGKISLANVKYLVLDEADRMLDMGFEPQIRHIVEDCDMTPVGERQTLMFSATFPADIQHLARDFLSDYIFLSVGRVGSTSENITQKVLYVENQDKKSALLDLLSASTDGLTLIFVETKRMADQLTDFLIMQNFRATAIHGDRTQSERERALAAFRSGAATLLVATAVAARGLDIPNVTHVINYDLPSDVDDYVHRIGRTGRAGNTGLATAFFNSENSNIVKGLHEILTEANQEVPSFLKDAADCQNKGSYGGTWDVDNGRAPAGGEKDGYHTNSCPHKRGSPNSWGSGDTQWWSSNGRIDWNADNAGGNNDYG,0.102989591925483,0.159289894862109,5.346862822072212,13.939408047500327,0.168307027265456,0.202944166588438,0.2115985904466726,0.3807772702710733,0.1832487565489328,-0.4713178176017643,0.2597047329185478,0.3463135872832638,-0.189839982480978,-0.3966942922749771,0.2299967587548216,0.0771196190974385
DED1_CTD,79,768.6765830516815,MAELSEQVQNLSINDNNENGYVPPHLRGKPRSARNNSSNYNNNNGGYNGGRGGGSFFSNNRRGGYGNGGFFGGNNGGSRSNGRSGGRWIDGKHVPAPRNEKAEIAIFGVPEDPNFQSSGINFDNYDDIPVDASGKDVPEPITEFTSPPLDGLLLENIKLARFTKPTPVQKYSVPIVANGRDLMACAQTGSGKTGGFLFPVLSESFKTGPSPQPESQGSFYQRKAYPTAVIMAPTRELATQIFDEAKKFTYRSWVKACVVYGGSPIGNQLREIERGCDLLVATPGRLNDLLERGKISLANVKYLVLDEADRMLDMGFEPQIRHIVEDCDMTPVGERQTLMFSATFPADIQHLARDFLSDYIFLSVGRVGSTSENITQKVLYVENQDKKSALLDLLSASTDGLTLIFVETKRMADQLTDFLIMQNFRATAIHGDRTQSERERALAAFRSGAATLLVATAVAARGLDIPNVTHVINYDLPSDVDDYVHRIGRTGRAGNTGLATAFFNSENSNIVKGLHEILTEANQEVPSFLKDAGRRNFIARRPGRSMGYENNRFPSSPGDPDSSFWGYGTNCWGNSTGGHNTGDGSSSGNRDFKVDNGRGNGKSC,0.1020334052140632,0.1538651045403209,5.2950354905103465,13.828714007690603,0.1642643223865401,0.202090605959718,0.2093889576081702,0.384060353892364,0.1836541682801483,-0.4771345098991382,0.2561670806854156,0.3462205921949216,-0.1909556937238983,-0.3945348672764768,0.2271854605774202,0.0768032998124641
DED1_CTD,80,383.4864869117737,MAELSEQVQNLSINDNNENGYVPPHLRGKPRSARNNSSNYNNNNGGYNGGRGGGSFFSNNRRGGYGNGGFFGGNNGGSRSNGRSGGRWIDGKHVPAPRNEKAEIAIFGVPEDPNFQSSGINFDNYDDIPVDASGKDVPEPITEFTSPPLDGLLLENIKLARFTKPTPVQKYSVPIVANGRDLMACAQTGSGKTGGFLFPVLSESFKTGPSPQPESQGSFYQRKAYPTAVIMAPTRELATQIFDEAKKFTYRSWVKACVVYGGSPIGNQLREIERGCDLLVATPGRLNDLLERGKISLANVKYLVLDEADRMLDMGFEPQIRHIVEDCDMTPVGERQTLMFSATFPADIQHLARDFLSDYIFLSVGRVGSTSENITQKVLYVENQDKKSALLDLLSASTDGLTLIFVETKRMADQLTDFLIMQNFRATAIHGDRTQSERERALAAFRSGAATLLVATAVAARGLDIPNVTHVINYDLPSDVDDYVHRIGRTGRAGNTGLATAFFNSENSNIVKGLHEILTEANQEVPSFLKDAIRWSYNYGSQWKDSNNSRNLQPNNGVRGDCGFNEGGEGNDEYSNDGEGGPGSWYSNPGRGMDKKADGGGYDS,0.1135216755481307,0.1574140385781619,5.326852657160888,13.936920956947075,0.1723309469146595,0.2003693902140872,0.2116486367890562,0.3783623725108784,0.1862143365025358,-0.4715472525547138,0.2505478615835783,0.3450587049957672,-0.1908409528435543,-0.3953098331379872,0.2304003329113156,0.076750309329838
DED1_CTD,81,640.5550289154053,MAELSEQVQNLSINDNNENGYVPPHLRGKPRSARNNSSNYNNNNGGYNGGRGGGSFFSNNRRGGYGNGGFFGGNNGGSRSNGRSGGRWIDGKHVPAPRNEKAEIAIFGVPEDPNFQSSGINFDNYDDIPVDASGKDVPEPITEFTSPPLDGLLLENIKLARFTKPTPVQKYSVPIVANGRDLMACAQTGSGKTGGFLFPVLSESFKTGPSPQPESQGSFYQRKAYPTAVIMAPTRELATQIFDEAKKFTYRSWVKACVVYGGSPIGNQLREIERGCDLLVATPGRLNDLLERGKISLANVKYLVLDEADRMLDMGFEPQIRHIVEDCDMTPVGERQTLMFSATFPADIQHLARDFLSDYIFLSVGRVGSTSENITQKVLYVENQDKKSALLDLLSASTDGLTLIFVETKRMADQLTDFLIMQNFRATAIHGDRTQSERERALAAFRSGAATLLVATAVAARGLDIPNVTHVINYDLPSDVDDYVHRIGRTGRAGNTGLATAFFNSENSNIVKGLHEILTEANQEVPSFLKDAGRNRNGRVNSPMVWGSGSSDGPGFTNRMWSNDPNSPGNEYGDHTNGPGGKDGKFGNGYGYSSRNRGYDNARL,0.0993615913988877,0.1632887115815538,5.261291659122231,13.914613636358816,0.1613787341266639,0.2011912994779731,0.2102611745484744,0.3849515001750566,0.1828510401558148,-0.4729742030159892,0.2539954066834303,0.3462362913219375,-0.1899486030558871,-0.3946707643465535,0.2276446388588638,0.0764053413490102
DED1_CTD,82,517.3459370136261,MAELSEQVQNLSINDNNENGYVPPHLRGKPRSARNNSSNYNNNNGGYNGGRGGGSFFSNNRRGGYGNGGFFGGNNGGSRSNGRSGGRWIDGKHVPAPRNEKAEIAIFGVPEDPNFQSSGINFDNYDDIPVDASGKDVPEPITEFTSPPLDGLLLENIKLARFTKPTPVQKYSVPIVANGRDLMACAQTGSGKTGGFLFPVLSESFKTGPSPQPESQGSFYQRKAYPTAVIMAPTRELATQIFDEAKKFTYRSWVKACVVYGGSPIGNQLREIERGCDLLVATPGRLNDLLERGKISLANVKYLVLDEADRMLDMGFEPQIRHIVEDCDMTPVGERQTLMFSATFPADIQHLARDFLSDYIFLSVGRVGSTSENITQKVLYVENQDKKSALLDLLSASTDGLTLIFVETKRMADQLTDFLIMQNFRATAIHGDRTQSERERALAAFRSGAATLLVATAVAARGLDIPNVTHVINYDLPSDVDDYVHRIGRTGRAGNTGLATAFFNSENSNIVKGLHEILTEANQEVPSFLKDADRRGRRGNRGYSGYSVNDTRGNGWPGGGDNDVWNNQYSSMRPMPASGDLNSFNSEMNGYESWGSGDGGDSKG,0.107592567192636,0.1577050125280955,5.250216154004352,13.93003783192892,0.171523079603901,0.2000467145320607,0.2111674168732496,0.3814512756574245,0.1852284092664979,-0.477543326362029,0.2541768816386184,0.3463802843899195,-0.1901410784272289,-0.3951014839093897,0.2256964891398601,0.0754059594729377
DED1_CTD,83,369.4764189720154,MAELSEQVQNLSINDNNENGYVPPHLRGKPRSARNNSSNYNNNNGGYNGGRGGGSFFSNNRRGGYGNGGFFGGNNGGSRSNGRSGGRWIDGKHVPAPRNEKAEIAIFGVPEDPNFQSSGINFDNYDDIPVDASGKDVPEPITEFTSPPLDGLLLENIKLARFTKPTPVQKYSVPIVANGRDLMACAQTGSGKTGGFLFPVLSESFKTGPSPQPESQGSFYQRKAYPTAVIMAPTRELATQIFDEAKKFTYRSWVKACVVYGGSPIGNQLREIERGCDLLVATPGRLNDLLERGKISLANVKYLVLDEADRMLDMGFEPQIRHIVEDCDMTPVGERQTLMFSATFPADIQHLARDFLSDYIFLSVGRVGSTSENITQKVLYVENQDKKSALLDLLSASTDGLTLIFVETKRMADQLTDFLIMQNFRATAIHGDRTQSERERALAAFRSGAATLLVATAVAARGLDIPNVTHVINYDLPSDVDDYVHRIGRTGRAGNTGLATAFFNSENSNIVKGLHEILTEANQEVPSFLKDAMDGEGNIMRDCRCGRCFQRSNCTDDYSSGWPDSDNGVPREGNVGNRWGQWFYNDEGGRGENGTNGGSGWPNL,0.1118488684375565,0.163668220783142,5.236085861269714,13.978733572437632,0.1629265906322365,0.2004402515822314,0.2096260928775208,0.3807308377540149,0.182688630904258,-0.4735103050092367,0.2536143820995526,0.3455775073504273,-0.1944686192721456,-0.3948340431677661,0.2290266229833419,0.07453973642104
DED1_CTD,84,708.3105919361115,MAELSEQVQNLSINDNNENGYVPPHLRGKPRSARNNSSNYNNNNGGYNGGRGGGSFFSNNRRGGYGNGGFFGGNNGGSRSNGRSGGRWIDGKHVPAPRNEKAEIAIFGVPEDPNFQSSGINFDNYDDIPVDASGKDVPEPITEFTSPPLDGLLLENIKLARFTKPTPVQKYSVPIVANGRDLMACAQTGSGKTGGFLFPVLSESFKTGPSPQPESQGSFYQRKAYPTAVIMAPTRELATQIFDEAKKFTYRSWVKACVVYGGSPIGNQLREIERGCDLLVATPGRLNDLLERGKISLANVKYLVLDEADRMLDMGFEPQIRHIVEDCDMTPVGERQTLMFSATFPADIQHLARDFLSDYIFLSVGRVGSTSENITQKVLYVENQDKKSALLDLLSASTDGLTLIFVETKRMADQLTDFLIMQNFRATAIHGDRTQSERERALAAFRSGAATLLVATAVAARGLDIPNVTHVINYDLPSDVDDYVHRIGRTGRAGNTGLATAFFNSENSNIVKGLHEILTEANQEVPSFLKDAMRNQGRSDYGSNAYTGGRMTIWPYQESDSRQNRGSGCWTGDTGCHTGGDSWPVSPNGRGFRNSDGGDYGSEG,0.1009745483410766,0.1641062865245874,5.282522140096253,13.862319930480716,0.1685229285912453,0.2018868972048072,0.2103592707499296,0.3830002204326717,0.1841007959323785,-0.4730215627841226,0.2568840715145481,0.347778852406225,-0.1874532868401578,-0.3942683684593944,0.231676421133437,0.0769853921114967
DED1_CTD,85,427.7141399383545,MAELSEQVQNLSINDNNENGYVPPHLRGKPRSARNNSSNYNNNNGGYNGGRGGGSFFSNNRRGGYGNGGFFGGNNGGSRSNGRSGGRWIDGKHVPAPRNEKAEIAIFGVPEDPNFQSSGINFDNYDDIPVDASGKDVPEPITEFTSPPLDGLLLENIKLARFTKPTPVQKYSVPIVANGRDLMACAQTGSGKTGGFLFPVLSESFKTGPSPQPESQGSFYQRKAYPTAVIMAPTRELATQIFDEAKKFTYRSWVKACVVYGGSPIGNQLREIERGCDLLVATPGRLNDLLERGKISLANVKYLVLDEADRMLDMGFEPQIRHIVEDCDMTPVGERQTLMFSATFPADIQHLARDFLSDYIFLSVGRVGSTSENITQKVLYVENQDKKSALLDLLSASTDGLTLIFVETKRMADQLTDFLIMQNFRATAIHGDRTQSERERALAAFRSGAATLLVATAVAARGLDIPNVTHVINYDLPSDVDDYVHRIGRTGRAGNTGLATAFFNSENSNIVKGLHEILTEANQEVPSFLKDARNAGSGGDGQGGEYPPRGDSGQNSDYSNMMTTRWCRGRPRGGGRNWRVNPDSCWLGDGRITWSNWGSSPNDL,0.0940507767298886,0.1590427925119322,5.227739721742755,13.98131898153864,0.1620183621105329,0.2029259594406187,0.2094691275788162,0.3810047937225585,0.1802395539331333,-0.4765859702398773,0.2558855217845294,0.3468670020926936,-0.188813883980446,-0.3953847518980214,0.2288871626197752,0.0762431518513152
DED1_CTD,86,838.3156788349152,MAELSEQVQNLSINDNNENGYVPPHLRGKPRSARNNSSNYNNNNGGYNGGRGGGSFFSNNRRGGYGNGGFFGGNNGGSRSNGRSGGRWIDGKHVPAPRNEKAEIAIFGVPEDPNFQSSGINFDNYDDIPVDASGKDVPEPITEFTSPPLDGLLLENIKLARFTKPTPVQKYSVPIVANGRDLMACAQTGSGKTGGFLFPVLSESFKTGPSPQPESQGSFYQRKAYPTAVIMAPTRELATQIFDEAKKFTYRSWVKACVVYGGSPIGNQLREIERGCDLLVATPGRLNDLLERGKISLANVKYLVLDEADRMLDMGFEPQIRHIVEDCDMTPVGERQTLMFSATFPADIQHLARDFLSDYIFLSVGRVGSTSENITQKVLYVENQDKKSALLDLLSASTDGLTLIFVETKRMADQLTDFLIMQNFRATAIHGDRTQSERERALAAFRSGAATLLVATAVAARGLDIPNVTHVINYDLPSDVDDYVHRIGRTGRAGNTGLATAFFNSENSNIVKGLHEILTEANQEVPSFLKDAGGQKKGGNNGSRPDCNRGTNGFDGRDNFPSTGHSGNDSNSTNVSRWPSMAHGRGYFWLSTGYGWGRGMDCDM,0.0973918966083061,0.1632060545354345,5.183341041176722,13.90690374862426,0.1625151988855462,0.2013082774488431,0.2082430099702528,0.382674571963677,0.1846068866304057,-0.4681095096684194,0.2523988679673825,0.3465909881489871,-0.189819294904479,-0.3949781802165347,0.2273487916188536,0.0746535667654189
DED1_CTD,87,542.8412618637085,MAELSEQVQNLSINDNNENGYVPPHLRGKPRSARNNSSNYNNNNGGYNGGRGGGSFFSNNRRGGYGNGGFFGGNNGGSRSNGRSGGRWIDGKHVPAPRNEKAEIAIFGVPEDPNFQSSGINFDNYDDIPVDASGKDVPEPITEFTSPPLDGLLLENIKLARFTKPTPVQKYSVPIVANGRDLMACAQTGSGKTGGFLFPVLSESFKTGPSPQPESQGSFYQRKAYPTAVIMAPTRELATQIFDEAKKFTYRSWVKACVVYGGSPIGNQLREIERGCDLLVATPGRLNDLLERGKISLANVKYLVLDEADRMLDMGFEPQIRHIVEDCDMTPVGERQTLMFSATFPADIQHLARDFLSDYIFLSVGRVGSTSENITQKVLYVENQDKKSALLDLLSASTDGLTLIFVETKRMADQLTDFLIMQNFRATAIHGDRTQSERERALAAFRSGAATLLVATAVAARGLDIPNVTHVINYDLPSDVDDYVHRIGRTGRAGNTGLATAFFNSENSNIVKGLHEILTEANQEVPSFLKDAMKDHWYCDNDSAHSNRGSRWHNVRNDRWSSGGWARDPSAGGTGPNGREGSGWGSNGKSGGSEGPYNNVGGNT,0.1043888472220903,0.1741662144701151,5.296844807707346,13.850647558150234,0.1782278172838134,0.2019614098021873,0.2109009195773616,0.3797809550988533,0.1827844057471124,-0.4709049963794346,0.2536752098822578,0.3485083650143877,-0.190877914864673,-0.39471074760503,0.2315197301807031,0.0756701810782788
DED1_CTD,88,457.0265200138092,MAELSEQVQNLSINDNNENGYVPPHLRGKPRSARNNSSNYNNNNGGYNGGRGGGSFFSNNRRGGYGNGGFFGGNNGGSRSNGRSGGRWIDGKHVPAPRNEKAEIAIFGVPEDPNFQSSGINFDNYDDIPVDASGKDVPEPITEFTSPPLDGLLLENIKLARFTKPTPVQKYSVPIVANGRDLMACAQTGSGKTGGFLFPVLSESFKTGPSPQPESQGSFYQRKAYPTAVIMAPTRELATQIFDEAKKFTYRSWVKACVVYGGSPIGNQLREIERGCDLLVATPGRLNDLLERGKISLANVKYLVLDEADRMLDMGFEPQIRHIVEDCDMTPVGERQTLMFSATFPADIQHLARDFLSDYIFLSVGRVGSTSENITQKVLYVENQDKKSALLDLLSASTDGLTLIFVETKRMADQLTDFLIMQNFRATAIHGDRTQSERERALAAFRSGAATLLVATAVAARGLDIPNVTHVINYDLPSDVDDYVHRIGRTGRAGNTGLATAFFNSENSNIVKGLHEILTEANQEVPSFLKDARKDGGRGNNRGKGQPDGSSDNNGVDNCTRGSNGYWATHWQSHVWWGEPDDSWGNQFRRNGGRGGAPGGMNEY,0.1111762416509352,0.1628923315078877,5.303868656307705,13.878134853457738,0.1662363287521596,0.2013346287318922,0.2118087906814206,0.3858295227036365,0.183620158573277,-0.4792834904043637,0.2529787072580459,0.3484700170999992,-0.1889038694237546,-0.3945843348051837,0.2257488844947473,0.0762925699689294
DED1_CTD,89,444.7565970420837,MAELSEQVQNLSINDNNENGYVPPHLRGKPRSARNNSSNYNNNNGGYNGGRGGGSFFSNNRRGGYGNGGFFGGNNGGSRSNGRSGGRWIDGKHVPAPRNEKAEIAIFGVPEDPNFQSSGINFDNYDDIPVDASGKDVPEPITEFTSPPLDGLLLENIKLARFTKPTPVQKYSVPIVANGRDLMACAQTGSGKTGGFLFPVLSESFKTGPSPQPESQGSFYQRKAYPTAVIMAPTRELATQIFDEAKKFTYRSWVKACVVYGGSPIGNQLREIERGCDLLVATPGRLNDLLERGKISLANVKYLVLDEADRMLDMGFEPQIRHIVEDCDMTPVGERQTLMFSATFPADIQHLARDFLSDYIFLSVGRVGSTSENITQKVLYVENQDKKSALLDLLSASTDGLTLIFVETKRMADQLTDFLIMQNFRATAIHGDRTQSERERALAAFRSGAATLLVATAVAARGLDIPNVTHVINYDLPSDVDDYVHRIGRTGRAGNTGLATAFFNSENSNIVKGLHEILTEANQEVPSFLKDAMNGKQGWPSSDYCNQVSGGQGDGEYQNGGGGDKDFQNTGARSEYRMRPGNNAPYGNGDDTWYSDGWGNDGKS,0.1082228239559004,0.1581270201917312,5.310719977995035,13.885895161045417,0.1669323416744205,0.2028587648619245,0.2098836649410609,0.3848169126455308,0.1815435257360264,-0.4738714893491741,0.2583245659512903,0.3450456562642343,-0.1887205081551609,-0.3958468708038434,0.2314839098061099,0.0754278485897513
DED1_CTD,90,514.15376496315,MAELSEQVQNLSINDNNENGYVPPHLRGKPRSARNNSSNYNNNNGGYNGGRGGGSFFSNNRRGGYGNGGFFGGNNGGSRSNGRSGGRWIDGKHVPAPRNEKAEIAIFGVPEDPNFQSSGINFDNYDDIPVDASGKDVPEPITEFTSPPLDGLLLENIKLARFTKPTPVQKYSVPIVANGRDLMACAQTGSGKTGGFLFPVLSESFKTGPSPQPESQGSFYQRKAYPTAVIMAPTRELATQIFDEAKKFTYRSWVKACVVYGGSPIGNQLREIERGCDLLVATPGRLNDLLERGKISLANVKYLVLDEADRMLDMGFEPQIRHIVEDCDMTPVGERQTLMFSATFPADIQHLARDFLSDYIFLSVGRVGSTSENITQKVLYVENQDKKSALLDLLSASTDGLTLIFVETKRMADQLTDFLIMQNFRATAIHGDRTQSERERALAAFRSGAATLLVATAVAARGLDIPNVTHVINYDLPSDVDDYVHRIGRTGRAGNTGLATAFFNSENSNIVKGLHEILTEANQEVPSFLKDAMNSGGGRDGPNRRPMFRNRGSDGVGGPTWPMMWSSGRSTSVSDNGSSDRWMCDWNEWGPGSRDKGNNRSGNC,0.092406627754256,0.1582854447967722,5.281395313988996,13.765724025988002,0.1659574241455958,0.2022065695487124,0.2099300651375604,0.3819578083630737,0.1827322136899906,-0.4761875129546327,0.2548604477393895,0.3478573451664939,-0.1875149150353158,-0.3948218018618675,0.2278020233465973,0.0738279065767976
DED1_CTD,91,767.246171951294,MAELSEQVQNLSINDNNENGYVPPHLRGKPRSARNNSSNYNNNNGGYNGGRGGGSFFSNNRRGGYGNGGFFGGNNGGSRSNGRSGGRWIDGKHVPAPRNEKAEIAIFGVPEDPNFQSSGINFDNYDDIPVDASGKDVPEPITEFTSPPLDGLLLENIKLARFTKPTPVQKYSVPIVANGRDLMACAQTGSGKTGGFLFPVLSESFKTGPSPQPESQGSFYQRKAYPTAVIMAPTRELATQIFDEAKKFTYRSWVKACVVYGGSPIGNQLREIERGCDLLVATPGRLNDLLERGKISLANVKYLVLDEADRMLDMGFEPQIRHIVEDCDMTPVGERQTLMFSATFPADIQHLARDFLSDYIFLSVGRVGSTSENITQKVLYVENQDKKSALLDLLSASTDGLTLIFVETKRMADQLTDFLIMQNFRATAIHGDRTQSERERALAAFRSGAATLLVATAVAARGLDIPNVTHVINYDLPSDVDDYVHRIGRTGRAGNTGLATAFFNSENSNIVKGLHEILTEANQEVPSFLKDAGEGGGGANSNRASSYNNNHRTGGGPCPNWGFDETDIWGPGGQEWRNNGGFDGNDWRSSGGSLDYSRGGRCDC,0.1091776766981882,0.1696213307089605,5.26668487070755,13.881568016205517,0.1724952216196696,0.2022249223813642,0.2107926223592152,0.3815579398301505,0.1853881717688462,-0.4755999955578673,0.2549294195626629,0.3494292928733157,-0.1853982079910365,-0.3937954319929404,0.2310784463281451,0.0760716584345111
DED1_CTD,92,410.4847228527069,MAELSEQVQNLSINDNNENGYVPPHLRGKPRSARNNSSNYNNNNGGYNGGRGGGSFFSNNRRGGYGNGGFFGGNNGGSRSNGRSGGRWIDGKHVPAPRNEKAEIAIFGVPEDPNFQSSGINFDNYDDIPVDASGKDVPEPITEFTSPPLDGLLLENIKLARFTKPTPVQKYSVPIVANGRDLMACAQTGSGKTGGFLFPVLSESFKTGPSPQPESQGSFYQRKAYPTAVIMAPTRELATQIFDEAKKFTYRSWVKACVVYGGSPIGNQLREIERGCDLLVATPGRLNDLLERGKISLANVKYLVLDEADRMLDMGFEPQIRHIVEDCDMTPVGERQTLMFSATFPADIQHLARDFLSDYIFLSVGRVGSTSENITQKVLYVENQDKKSALLDLLSASTDGLTLIFVETKRMADQLTDFLIMQNFRATAIHGDRTQSERERALAAFRSGAATLLVATAVAARGLDIPNVTHVINYDLPSDVDDYVHRIGRTGRAGNTGLATAFFNSENSNIVKGLHEILTEANQEVPSFLKDASKSKGNQGGNSSYNRNGRSDDGSSRPYNYNPDAEYQNGGSGKNKDNPGSYWNYGGGRGGSGQGEGKMIRCWF,0.1131981618583282,0.1579627111711762,5.284703859700037,13.831961619056315,0.1679239345442995,0.201510280660031,0.2114057727196183,0.3827390257406475,0.1835688468804701,-0.4773570854221151,0.2503709343573391,0.3489994062872202,-0.18637553963501,-0.3950779927376984,0.2345218044457535,0.0757658630518935
DED1_CTD,93,598.8498151302338,MAELSEQVQNLSINDNNENGYVPPHLRGKPRSARNNSSNYNNNNGGYNGGRGGGSFFSNNRRGGYGNGGFFGGNNGGSRSNGRSGGRWIDGKHVPAPRNEKAEIAIFGVPEDPNFQSSGINFDNYDDIPVDASGKDVPEPITEFTSPPLDGLLLENIKLARFTKPTPVQKYSVPIVANGRDLMACAQTGSGKTGGFLFPVLSESFKTGPSPQPESQGSFYQRKAYPTAVIMAPTRELATQIFDEAKKFTYRSWVKACVVYGGSPIGNQLREIERGCDLLVATPGRLNDLLERGKISLANVKYLVLDEADRMLDMGFEPQIRHIVEDCDMTPVGERQTLMFSATFPADIQHLARDFLSDYIFLSVGRVGSTSENITQKVLYVENQDKKSALLDLLSASTDGLTLIFVETKRMADQLTDFLIMQNFRATAIHGDRTQSERERALAAFRSGAATLLVATAVAARGLDIPNVTHVINYDLPSDVDDYVHRIGRTGRAGNTGLATAFFNSENSNIVKGLHEILTEANQEVPSFLKDAARCDRGRSSSYGWPNTDVGRPNGPDKGCPNTMTRRGWFQSPGFSLYRDVSATNGSNDYEGGSNNSYNNGGRD,0.0986458037318853,0.1541040536115483,5.318674851123542,13.931503211549622,0.1580559712239863,0.2036934308368475,0.2095966474475074,0.3835983855469165,0.1865036582250559,-0.4726018353445406,0.2509904658516476,0.3469957529692983,-0.1898645500042247,-0.3947739154573895,0.2285413814557012,0.0752873244983309
DED1_CTD,94,830.6896450519562,MAELSEQVQNLSINDNNENGYVPPHLRGKPRSARNNSSNYNNNNGGYNGGRGGGSFFSNNRRGGYGNGGFFGGNNGGSRSNGRSGGRWIDGKHVPAPRNEKAEIAIFGVPEDPNFQSSGINFDNYDDIPVDASGKDVPEPITEFTSPPLDGLLLENIKLARFTKPTPVQKYSVPIVANGRDLMACAQTGSGKTGGFLFPVLSESFKTGPSPQPESQGSFYQRKAYPTAVIMAPTRELATQIFDEAKKFTYRSWVKACVVYGGSPIGNQLREIERGCDLLVATPGRLNDLLERGKISLANVKYLVLDEADRMLDMGFEPQIRHIVEDCDMTPVGERQTLMFSATFPADIQHLARDFLSDYIFLSVGRVGSTSENITQKVLYVENQDKKSALLDLLSASTDGLTLIFVETKRMADQLTDFLIMQNFRATAIHGDRTQSERERALAAFRSGAATLLVATAVAARGLDIPNVTHVINYDLPSDVDDYVHRIGRTGRAGNTGLATAFFNSENSNIVKGLHEILTEANQEVPSFLKDAANANDRRSDSYVNNGSSGWDDMYDNKPNGPGGNRCGYDQGNGWSEGYAGVDSDNFDYSIQGRPGNNFKDGGG,0.1149097731976737,0.1571896510579081,5.308254482355088,13.9843478283423,0.1682082131922496,0.2030010178733547,0.2094445889189984,0.3814515183468727,0.1800333848442478,-0.4773305821674294,0.2634229372074991,0.3455764781148329,-0.1860834416266518,-0.3947748487547377,0.2317113088027412,0.0740872955489831
DED1_CTD,95,849.5988397598267,MAELSEQVQNLSINDNNENGYVPPHLRGKPRSARNNSSNYNNNNGGYNGGRGGGSFFSNNRRGGYGNGGFFGGNNGGSRSNGRSGGRWIDGKHVPAPRNEKAEIAIFGVPEDPNFQSSGINFDNYDDIPVDASGKDVPEPITEFTSPPLDGLLLENIKLARFTKPTPVQKYSVPIVANGRDLMACAQTGSGKTGGFLFPVLSESFKTGPSPQPESQGSFYQRKAYPTAVIMAPTRELATQIFDEAKKFTYRSWVKACVVYGGSPIGNQLREIERGCDLLVATPGRLNDLLERGKISLANVKYLVLDEADRMLDMGFEPQIRHIVEDCDMTPVGERQTLMFSATFPADIQHLARDFLSDYIFLSVGRVGSTSENITQKVLYVENQDKKSALLDLLSASTDGLTLIFVETKRMADQLTDFLIMQNFRATAIHGDRTQSERERALAAFRSGAATLLVATAVAARGLDIPNVTHVINYDLPSDVDDYVHRIGRTGRAGNTGLATAFFNSENSNIVKGLHEILTEANQEVPSFLKDAAGKVRFCGSSRSNMASNGGYDGDFCIPNRGDRPPGPSGRDVQRRNDGGPNGWWGNSTNNWGGSSGDTWSDRG,0.0968005723276987,0.1610930474723106,5.252956708571451,13.7534237380992,0.161955162424359,0.2008459876400478,0.2110843055880704,0.3840361987568104,0.1844531555958354,-0.4769231905792934,0.2524260418441175,0.3486969450763238,-0.1884779366502733,-0.3949113644479848,0.2284171012986847,0.0776718099093874
DED1_CTD,96,338.25510811805725,MAELSEQVQNLSINDNNENGYVPPHLRGKPRSARNNSSNYNNNNGGYNGGRGGGSFFSNNRRGGYGNGGFFGGNNGGSRSNGRSGGRWIDGKHVPAPRNEKAEIAIFGVPEDPNFQSSGINFDNYDDIPVDASGKDVPEPITEFTSPPLDGLLLENIKLARFTKPTPVQKYSVPIVANGRDLMACAQTGSGKTGGFLFPVLSESFKTGPSPQPESQGSFYQRKAYPTAVIMAPTRELATQIFDEAKKFTYRSWVKACVVYGGSPIGNQLREIERGCDLLVATPGRLNDLLERGKISLANVKYLVLDEADRMLDMGFEPQIRHIVEDCDMTPVGERQTLMFSATFPADIQHLARDFLSDYIFLSVGRVGSTSENITQKVLYVENQDKKSALLDLLSASTDGLTLIFVETKRMADQLTDFLIMQNFRATAIHGDRTQSERERALAAFRSGAATLLVATAVAARGLDIPNVTHVINYDLPSDVDDYVHRIGRTGRAGNTGLATAFFNSENSNIVKGLHEILTEANQEVPSFLKDAGQGKGSSFNGGNRDGGRSPGWHNKKHDHGNSGWTFVRGDSYEPNDSPRVSEPWYRDNAGGNTGGNACDNCWS,0.1165611253934433,0.1642671035002564,5.325338969780884,13.964013247192147,0.1586078900162457,0.2044030118943708,0.2107850932532926,0.3800376313167286,0.1875204689373477,-0.4755518309792653,0.2535782905541432,0.3479975812684968,-0.1904678505413051,-0.3961145289015075,0.2302379386012663,0.0760000092859423
DED1_CTD,97,596.8086998462677,MAELSEQVQNLSINDNNENGYVPPHLRGKPRSARNNSSNYNNNNGGYNGGRGGGSFFSNNRRGGYGNGGFFGGNNGGSRSNGRSGGRWIDGKHVPAPRNEKAEIAIFGVPEDPNFQSSGINFDNYDDIPVDASGKDVPEPITEFTSPPLDGLLLENIKLARFTKPTPVQKYSVPIVANGRDLMACAQTGSGKTGGFLFPVLSESFKTGPSPQPESQGSFYQRKAYPTAVIMAPTRELATQIFDEAKKFTYRSWVKACVVYGGSPIGNQLREIERGCDLLVATPGRLNDLLERGKISLANVKYLVLDEADRMLDMGFEPQIRHIVEDCDMTPVGERQTLMFSATFPADIQHLARDFLSDYIFLSVGRVGSTSENITQKVLYVENQDKKSALLDLLSASTDGLTLIFVETKRMADQLTDFLIMQNFRATAIHGDRTQSERERALAAFRSGAATLLVATAVAARGLDIPNVTHVINYDLPSDVDDYVHRIGRTGRAGNTGLATAFFNSENSNIVKGLHEILTEANQEVPSFLKDAMQGVQHWSQPRWSQRNTDRGHCWSYGYRPTSDNGGVPSDTGPGSDRNGNTVKGRGSGRNGWAGRGDNGSEYS,0.1066340671479408,0.1633342730010879,5.393151373375244,13.87725431474039,0.1675381705472335,0.203348446982067,0.2100174350841524,0.3822289080716875,0.1850175097360475,-0.4747530522852056,0.2526058049474758,0.3471035821821926,-0.1874927037960778,-0.3954125609165221,0.2281381840886839,0.0753572352335102
DED1_CTD,98,504.4951870441437,MAELSEQVQNLSINDNNENGYVPPHLRGKPRSARNNSSNYNNNNGGYNGGRGGGSFFSNNRRGGYGNGGFFGGNNGGSRSNGRSGGRWIDGKHVPAPRNEKAEIAIFGVPEDPNFQSSGINFDNYDDIPVDASGKDVPEPITEFTSPPLDGLLLENIKLARFTKPTPVQKYSVPIVANGRDLMACAQTGSGKTGGFLFPVLSESFKTGPSPQPESQGSFYQRKAYPTAVIMAPTRELATQIFDEAKKFTYRSWVKACVVYGGSPIGNQLREIERGCDLLVATPGRLNDLLERGKISLANVKYLVLDEADRMLDMGFEPQIRHIVEDCDMTPVGERQTLMFSATFPADIQHLARDFLSDYIFLSVGRVGSTSENITQKVLYVENQDKKSALLDLLSASTDGLTLIFVETKRMADQLTDFLIMQNFRATAIHGDRTQSERERALAAFRSGAATLLVATAVAARGLDIPNVTHVINYDLPSDVDDYVHRIGRTGRAGNTGLATAFFNSENSNIVKGLHEILTEANQEVPSFLKDAMQGGWDTNRGRSSGGSWYDAGYNCDQGRSGGGSCPSWRHSTQSDNSPVSPKGNGGGDGWDGMNCYRGNRRKA,0.1035790311759791,0.1656504061779827,5.249909762576878,13.775249781694612,0.1627477298628452,0.2016747950279049,0.2099250631070323,0.3809277785759404,0.1855288435713426,-0.4767626678241546,0.2492860987836146,0.3488283646821014,-0.1886994863679937,-0.392509913325458,0.2301361539709016,0.0767575555890775
DED1_CTD,99,1104.927964925766,MAELSEQVQNLSINDNNENGYVPPHLRGKPRSARNNSSNYNNNNGGYNGGRGGGSFFSNNRRGGYGNGGFFGGNNGGSRSNGRSGGRWIDGKHVPAPRNEKAEIAIFGVPEDPNFQSSGINFDNYDDIPVDASGKDVPEPITEFTSPPLDGLLLENIKLARFTKPTPVQKYSVPIVANGRDLMACAQTGSGKTGGFLFPVLSESFKTGPSPQPESQGSFYQRKAYPTAVIMAPTRELATQIFDEAKKFTYRSWVKACVVYGGSPIGNQLREIERGCDLLVATPGRLNDLLERGKISLANVKYLVLDEADRMLDMGFEPQIRHIVEDCDMTPVGERQTLMFSATFPADIQHLARDFLSDYIFLSVGRVGSTSENITQKVLYVENQDKKSALLDLLSASTDGLTLIFVETKRMADQLTDFLIMQNFRATAIHGDRTQSERERALAAFRSGAATLLVATAVAARGLDIPNVTHVINYDLPSDVDDYVHRIGRTGRAGNTGLATAFFNSENSNIVKGLHEILTEANQEVPSFLKDAAVIIWTRYPRWEPGGGTRGLNRDVDRSNGNGGGNDWWYSDSSPNDGPNAGNRLPNDCADGNNGNGWSSGGKT,0.0979253451989878,0.1549501956150034,5.24101259546007,13.916079666888656,0.1610089826415909,0.2014456319345974,0.2107203584746973,0.3765410505618679,0.1826744309500714,-0.4680396422894796,0.2543633837093404,0.3486144824939324,-0.1921602530695185,-0.3912278066670633,0.2265767323054222,0.0744908658164183
